id,firstName,lastName,gender,job_title,headline,location,linkedinUrl,profilePictureUrl,importDate,premium,jobSeeker,salesNavigatorId,current_company,industry,seniority,education
P00001,Usman,Butt,Unspecified,DevOps Engineer,Software engineer with expertise in enterprise applications,"Khobar, Saudi Arabia",https://www.linkedin.com/in/usman-butt-0,https://example.com/profiles/usman_butt_0.jpg,2025-08-23,No,No,SN000001,Modern Tech,E-commerce,Principal,"BS Computer Science, King Saud University"
P00002,Joseph,Hussain,Female,Solutions Architect,Software engineer with expertise in enterprise applications,"Khobar, Saudi Arabia",https://www.linkedin.com/in/joseph-hussain-1,https://example.com/profiles/joseph_hussain_1.jpg,2025-09-19,No,Yes,SN000002,Oracle Saudi Arabia,Cybersecurity,Entry,
P00003,Ali,Al-Rashid,Unspecified,Cloud Architect,IT consultant helping businesses digital transformation,"Dubai, UAE",https://www.linkedin.com/in/ali-al-rashid-2,https://example.com/profiles/ali_al-rashid_2.jpg,2025-08-01,No,No,SN000003,Ernst & Young,Fintech,C-Level,"BS Software Engineering, NUST"
P00004,Michelle,Smith,Male,Product Manager,Cybersecurity expert protecting digital assets,"Medina, Saudi Arabia",https://www.linkedin.com/in/michelle-smith-3,https://example.com/profiles/michelle_smith_3.jpg,2025-06-05,No,No,SN000004,KPMG,Healthcare IT,Mid,"MS Data Science, Stanford"
P00005,Robert,Al-Mansouri,Male,Project Manager,IT consultant helping businesses digital transformation,"Jeddah, Saudi Arabia",https://www.linkedin.com/in/robert-al-mansouri-4,https://example.com/profiles/robert_al-mansouri_4.jpg,2025-06-02,No,No,SN000005,STC Solutions,E-commerce,Lead,"MBA, INSEAD"
P00006,Emily,Butt,Male,DevOps Engineer,Software engineer with expertise in enterprise applications,"Riyadh, Saudi Arabia",https://www.linkedin.com/in/emily-butt-5,https://example.com/profiles/emily_butt_5.jpg,2025-07-27,Yes,No,SN000006,Deloitte,Cybersecurity,Principal,"MS Information Technology, MIT"
P00007,Richard,Al-Mutairi,Unspecified,Security Specialist,Full-stack developer building scalable applications,"Medina, Saudi Arabia",https://www.linkedin.com/in/richard-al-mutairi-6,https://example.com/profiles/richard_al-mutairi_6.jpg,2025-08-18,No,No,SN000007,Accenture,Cybersecurity,Senior,
P00008,Charles,Sheikh,Unspecified,Systems Administrator,ERP implementation specialist,"Dammam, Saudi Arabia",https://www.linkedin.com/in/charles-sheikh-7,https://example.com/profiles/charles_sheikh_7.jpg,2025-09-27,No,No,SN000008,Enterprise Solutions,Cloud Computing,Principal,"MS Data Science, Stanford"
P00009,Ibrahim,Jones,Female,Cloud Architect,Cybersecurity expert protecting digital assets,"Dubai, UAE",https://www.linkedin.com/in/ibrahim-jones-8,https://example.com/profiles/ibrahim_jones_8.jpg,2025-08-20,No,No,SN000009,KPMG,E-commerce,Director,"MS Data Science, Stanford"
P00010,Charles,Miller,Female,Data Scientist,Experienced IT professional specializing in cloud solutions,"Dubai, UAE",https://www.linkedin.com/in/charles-miller-9,https://example.com/profiles/charles_miller_9.jpg,2025-10-09,No,No,SN000010,Modern Tech,Retail,Director,
P00011,Patricia,Raza,Unspecified,Cloud Architect,Software engineer with expertise in enterprise applications,"Jeddah, Saudi Arabia",https://www.linkedin.com/in/patricia-raza-10,https://example.com/profiles/patricia_raza_10.jpg,2025-06-13,No,No,SN000011,KPMG,Retail,Principal,"MBA, INSEAD"
P00012,Zainab,Al-Mansouri,Female,Database Administrator,IT director managing technology teams,"Medina, Saudi Arabia",https://www.linkedin.com/in/zainab-al-mansouri-11,https://example.com/profiles/zainab_al-mansouri_11.jpg,2025-07-08,No,No,SN000012,Data Analytics Pro,Healthcare IT,Mid,
P00013,Omar,Al-Otaibi,Female,Solutions Architect,ERP implementation specialist,"Karachi, Pakistan",https://www.linkedin.com/in/omar-al-otaibi-12,https://example.com/profiles/omar_al-otaibi_12.jpg,2025-09-09,Yes,Yes,SN000013,Digital Ventures,Fintech,Senior,"BS Software Engineering, NUST"
P00014,David,Al-Mansouri,Male,Technical Lead,IT director managing technology teams,"Medina, Saudi Arabia",https://www.linkedin.com/in/david-al-mansouri-13,https://example.com/profiles/david_al-mansouri_13.jpg,2025-08-29,No,No,SN000014,Oracle Saudi Arabia,Healthcare IT,C-Level,
P00015,Saeed,Jones,Unspecified,Business Analyst,Cybersecurity expert protecting digital assets,"Dammam, Saudi Arabia",https://www.linkedin.com/in/saeed-jones-14,https://example.com/profiles/saeed_jones_14.jpg,2025-10-05,No,No,SN000015,IBM Saudi Arabia,Cybersecurity,Principal,
P00016,Usman,Hussain,Male,IT Director,Software engineer with expertise in enterprise applications,"Abu Dhabi, UAE",https://www.linkedin.com/in/usman-hussain-15,https://example.com/profiles/usman_hussain_15.jpg,2025-09-03,No,No,SN000016,SABIC,Cloud Computing,Lead,"MS Information Technology, MIT"
P00017,Hassan,Al-Mutairi,Male,Business Analyst,DevOps engineer automating infrastructure,"Lahore, Pakistan",https://www.linkedin.com/in/hassan-al-mutairi-16,https://example.com/profiles/hassan_al-mutairi_16.jpg,2025-05-14,No,No,SN000017,Data Analytics Pro,Retail,C-Level,"MS Data Science, Stanford"
P00018,Barbara,Al-Mansouri,Female,Product Manager,Software engineer with expertise in enterprise applications,"Islamabad, Pakistan",https://www.linkedin.com/in/barbara-al-mansouri-17,https://example.com/profiles/barbara_al-mansouri_17.jpg,2025-08-11,No,No,SN000018,NCB Bank,Cloud Computing,Senior,"BS Software Engineering, NUST"
P00019,Charles,Smith,Unspecified,Engineering Manager,Full-stack developer building scalable applications,"Islamabad, Pakistan",https://www.linkedin.com/in/charles-smith-18,https://example.com/profiles/charles_smith_18.jpg,2025-05-16,No,No,SN000019,Deloitte,Manufacturing,Mid,"BS Software Engineering, NUST"
P00020,Richard,Khan,Female,Product Manager,Full-stack developer building scalable applications,"Jeddah, Saudi Arabia",https://www.linkedin.com/in/richard-khan-19,https://example.com/profiles/richard_khan_19.jpg,2025-05-25,No,No,SN000020,Deloitte,Healthcare IT,Entry,
P00021,Sarah,Ahmed,Unspecified,Solutions Architect,Software engineer with expertise in enterprise applications,"Medina, Saudi Arabia",https://www.linkedin.com/in/sarah-ahmed-20,https://example.com/profiles/sarah_ahmed_20.jpg,2025-05-23,No,Yes,SN000021,Digital Ventures,Cloud Computing,Entry,
P00022,Hassan,Malik,Unspecified,IT Director,ERP implementation specialist,"Jeddah, Saudi Arabia",https://www.linkedin.com/in/hassan-malik-21,https://example.com/profiles/hassan_malik_21.jpg,2025-09-04,No,No,SN000022,IBM Saudi Arabia,Software Development,Principal,"BS Computer Science, King Saud University"
P00023,Linda,Al-Otaibi,Female,Security Specialist,ERP implementation specialist,"Dammam, Saudi Arabia",https://www.linkedin.com/in/linda-al-otaibi-22,https://example.com/profiles/linda_al-otaibi_22.jpg,2025-11-04,No,No,SN000023,Al Rajhi Bank,Telecommunications,Senior,"MS Data Science, Stanford"
P00024,William,Martinez,Male,Solutions Architect,IT consultant helping businesses digital transformation,"Islamabad, Pakistan",https://www.linkedin.com/in/william-martinez-23,https://example.com/profiles/william_martinez_23.jpg,2025-09-27,No,Yes,SN000024,PwC,Cybersecurity,Entry,"BS Computer Science, King Saud University"
P00025,Amina,Davis,Unspecified,Chief Information Officer,Experienced IT professional specializing in cloud solutions,"Khobar, Saudi Arabia",https://www.linkedin.com/in/amina-davis-24,https://example.com/profiles/amina_davis_24.jpg,2025-05-23,Yes,Yes,SN000025,Accenture,Digital Transformation,Principal,"MBA, INSEAD"
P00026,William,Raza,Unspecified,Senior Software Engineer,Technology leader driving innovation,"Lahore, Pakistan",https://www.linkedin.com/in/william-raza-25,https://example.com/profiles/william_raza_25.jpg,2025-08-11,Yes,No,SN000026,Data Analytics Pro,Telecommunications,C-Level,"MBA, INSEAD"
P00027,Patricia,Khan,Female,Software Developer,Software engineer with expertise in enterprise applications,"Jeddah, Saudi Arabia",https://www.linkedin.com/in/patricia-khan-26,https://example.com/profiles/patricia_khan_26.jpg,2025-08-10,No,No,SN000027,Digital Ventures,Digital Transformation,Senior,"BS Software Engineering, NUST"
P00028,Sarah,Rodriguez,Unspecified,Project Manager,ERP implementation specialist,"Dubai, UAE",https://www.linkedin.com/in/sarah-rodriguez-27,https://example.com/profiles/sarah_rodriguez_27.jpg,2025-10-08,No,No,SN000028,Ernst & Young,Manufacturing,VP,"BS Software Engineering, NUST"
P00029,Michelle,Al-Zahrani,Unspecified,Solutions Architect,ERP implementation specialist,"Mecca, Saudi Arabia",https://www.linkedin.com/in/michelle-al-zahrani-28,https://example.com/profiles/michelle_al-zahrani_28.jpg,2025-07-10,No,No,SN000029,NCB Bank,Banking,Principal,"MS Data Science, Stanford"
P00030,Ali,Al-Mansouri,Male,Chief Information Officer,IT director managing technology teams,"Riyadh, Saudi Arabia",https://www.linkedin.com/in/ali-al-mansouri-29,https://example.com/profiles/ali_al-mansouri_29.jpg,2025-07-03,No,No,SN000030,Al Rajhi Bank,ERP Solutions,Director,
P00031,Ali,Al-Otaibi,Unspecified,Business Analyst,IT director managing technology teams,"Karachi, Pakistan",https://www.linkedin.com/in/ali-al-otaibi-30,https://example.com/profiles/ali_al-otaibi_30.jpg,2025-06-07,No,No,SN000031,Al Rajhi Bank,Retail,Lead,"BS Computer Science, King Saud University"
P00032,Michael,Malik,Female,Engineering Manager,Cybersecurity expert protecting digital assets,"Dubai, UAE",https://www.linkedin.com/in/michael-malik-31,https://example.com/profiles/michael_malik_31.jpg,2025-09-28,No,No,SN000032,Accenture,IT Services,VP,"MS Data Science, Stanford"
P00033,Saeed,Rodriguez,Male,Product Manager,Experienced IT professional specializing in cloud solutions,"Khobar, Saudi Arabia",https://www.linkedin.com/in/saeed-rodriguez-32,https://example.com/profiles/saeed_rodriguez_32.jpg,2025-06-14,No,Yes,SN000033,IBM Saudi Arabia,Retail,Director,"MBA, INSEAD"
P00034,Omar,Hassan,Male,Technical Lead,Data scientist passionate about analytics,"Karachi, Pakistan",https://www.linkedin.com/in/omar-hassan-33,https://example.com/profiles/omar_hassan_33.jpg,2025-05-14,No,No,SN000034,Oracle Saudi Arabia,E-commerce,Principal,"MS Information Technology, MIT"
P00035,Khadija,Jones,Unspecified,Data Scientist,Full-stack developer building scalable applications,"Abu Dhabi, UAE",https://www.linkedin.com/in/khadija-jones-34,https://example.com/profiles/khadija_jones_34.jpg,2025-10-12,No,No,SN000035,Saudi Telecom Company,E-commerce,Director,"BS Software Engineering, NUST"
P00036,Thomas,Garcia,Unspecified,IT Consultant,IT consultant helping businesses digital transformation,"Islamabad, Pakistan",https://www.linkedin.com/in/thomas-garcia-35,https://example.com/profiles/thomas_garcia_35.jpg,2025-07-18,No,No,SN000036,Data Analytics Pro,Retail,Senior,"BS Computer Science, King Saud University"
P00037,Usman,Malik,Male,Engineering Manager,IT consultant helping businesses digital transformation,"Mecca, Saudi Arabia",https://www.linkedin.com/in/usman-malik-36,https://example.com/profiles/usman_malik_36.jpg,2025-09-17,No,No,SN000037,Data Analytics Pro,Cybersecurity,C-Level,"MBA, INSEAD"
P00038,Emily,Al-Harbi,Male,IT Director,Cybersecurity expert protecting digital assets,"Mecca, Saudi Arabia",https://www.linkedin.com/in/emily-al-harbi-37,https://example.com/profiles/emily_al-harbi_37.jpg,2025-10-22,No,Yes,SN000038,STC Solutions,Data Analytics,VP,"BS Computer Science, King Saud University"
P00039,Jessica,Iqbal,Unspecified,Engineering Manager,Cybersecurity expert protecting digital assets,"Abu Dhabi, UAE",https://www.linkedin.com/in/jessica-iqbal-38,https://example.com/profiles/jessica_iqbal_38.jpg,2025-11-01,No,No,SN000039,SABIC,Banking,Mid,"MS Information Technology, MIT"
P00040,David,Miller,Male,Data Scientist,Technology leader driving innovation,"Karachi, Pakistan",https://www.linkedin.com/in/david-miller-39,https://example.com/profiles/david_miller_39.jpg,2025-05-22,No,Yes,SN000040,Digital Ventures,Manufacturing,C-Level,"MBA, INSEAD"
P00041,Aisha,Davis,Female,Business Analyst,Full-stack developer building scalable applications,"Dubai, UAE",https://www.linkedin.com/in/aisha-davis-40,https://example.com/profiles/aisha_davis_40.jpg,2025-09-24,No,No,SN000041,NCB Bank,Banking,Principal,
P00042,Emily,Brown,Male,Software Developer,Experienced IT professional specializing in cloud solutions,"Dammam, Saudi Arabia",https://www.linkedin.com/in/emily-brown-41,https://example.com/profiles/emily_brown_41.jpg,2025-10-12,No,No,SN000042,TechCorp Solutions,Software Development,C-Level,
P00043,Hafsa,Jones,Male,Software Developer,Data scientist passionate about analytics,"Abu Dhabi, UAE",https://www.linkedin.com/in/hafsa-jones-42,https://example.com/profiles/hafsa_jones_42.jpg,2025-09-06,No,No,SN000043,Accenture,Cloud Computing,Senior,"MBA, INSEAD"
P00044,Sara,Ahmed,Male,Business Analyst,Full-stack developer building scalable applications,"Mecca, Saudi Arabia",https://www.linkedin.com/in/sara-ahmed-43,https://example.com/profiles/sara_ahmed_43.jpg,2025-05-19,No,No,SN000044,Al Rajhi Bank,Cloud Computing,Senior,"BS Computer Science, King Saud University"
P00045,Aisha,Butt,Female,Technical Lead,Full-stack developer building scalable applications,"Dubai, UAE",https://www.linkedin.com/in/aisha-butt-44,https://example.com/profiles/aisha_butt_44.jpg,2025-08-02,Yes,No,SN000045,TechCorp Solutions,Healthcare IT,Director,
P00046,Lisa,Davis,Male,Project Manager,IT consultant helping businesses digital transformation,"Medina, Saudi Arabia",https://www.linkedin.com/in/lisa-davis-45,https://example.com/profiles/lisa_davis_45.jpg,2025-05-09,No,Yes,SN000046,SecureNet,Software Development,C-Level,
P00047,Sarah,Al-Harbi,Female,Senior Software Engineer,IT director managing technology teams,"Lahore, Pakistan",https://www.linkedin.com/in/sarah-al-harbi-46,https://example.com/profiles/sarah_al-harbi_46.jpg,2025-10-20,No,Yes,SN000047,SABIC,Healthcare IT,Lead,"BS Computer Science, King Saud University"
P00048,Fahad,Jones,Unspecified,Database Administrator,Full-stack developer building scalable applications,"Dubai, UAE",https://www.linkedin.com/in/fahad-jones-47,https://example.com/profiles/fahad_jones_47.jpg,2025-10-30,No,No,SN000048,Data Analytics Pro,Manufacturing,VP,"MS Data Science, Stanford"
P00049,Robert,Al-Mansouri,Male,DevOps Engineer,Data scientist passionate about analytics,"Abu Dhabi, UAE",https://www.linkedin.com/in/robert-al-mansouri-48,https://example.com/profiles/robert_al-mansouri_48.jpg,2025-05-13,No,No,SN000049,PwC,Cybersecurity,VP,
P00050,Muhammad,Williams,Unspecified,Systems Administrator,DevOps engineer automating infrastructure,"Khobar, Saudi Arabia",https://www.linkedin.com/in/muhammad-williams-49,https://example.com/profiles/muhammad_williams_49.jpg,2025-06-11,No,No,SN000050,Microsoft Saudi Arabia,ERP Solutions,VP,"MBA, INSEAD"
P00051,Amina,Hussain,Male,IT Director,Data scientist passionate about analytics,"Karachi, Pakistan",https://www.linkedin.com/in/amina-hussain-50,https://example.com/profiles/amina_hussain_50.jpg,2025-07-30,No,No,SN000051,Cloud Systems,Fintech,Director,"BS Software Engineering, NUST"
P00052,Jennifer,Al-Rashid,Female,Chief Information Officer,IT director managing technology teams,"Islamabad, Pakistan",https://www.linkedin.com/in/jennifer-al-rashid-51,https://example.com/profiles/jennifer_al-rashid_51.jpg,2025-08-28,No,No,SN000052,Aramco,Healthcare IT,Senior,"BS Computer Science, King Saud University"
P00053,Fahad,Khan,Unspecified,Product Manager,Technology leader driving innovation,"Riyadh, Saudi Arabia",https://www.linkedin.com/in/fahad-khan-52,https://example.com/profiles/fahad_khan_52.jpg,2025-10-07,No,No,SN000053,Enterprise Solutions,Software Development,Lead,"MS Information Technology, MIT"
P00054,Noor,Al-Otaibi,Unspecified,Systems Administrator,Data scientist passionate about analytics,"Dammam, Saudi Arabia",https://www.linkedin.com/in/noor-al-otaibi-53,https://example.com/profiles/noor_al-otaibi_53.jpg,2025-10-08,No,Yes,SN000054,Enterprise Solutions,Software Development,VP,"MBA, INSEAD"
P00055,Omar,Jones,Male,Project Manager,Technology leader driving innovation,"Mecca, Saudi Arabia",https://www.linkedin.com/in/omar-jones-54,https://example.com/profiles/omar_jones_54.jpg,2025-06-13,No,Yes,SN000055,Aramco,Cybersecurity,C-Level,
P00056,Ahmed,Khan,Male,Solutions Architect,Software engineer with expertise in enterprise applications,"Lahore, Pakistan",https://www.linkedin.com/in/ahmed-khan-55,https://example.com/profiles/ahmed_khan_55.jpg,2025-06-13,No,No,SN000056,Digital Ventures,Cybersecurity,Principal,"BS Software Engineering, NUST"
P00057,Noor,Al-Saud,Unspecified,Data Scientist,Technology leader driving innovation,"Riyadh, Saudi Arabia",https://www.linkedin.com/in/noor-al-saud-56,https://example.com/profiles/noor_al-saud_56.jpg,2025-06-12,No,No,SN000057,Ernst & Young,ERP Solutions,Entry,"BS Computer Science, King Saud University"
P00058,John,Sheikh,Unspecified,DevOps Engineer,DevOps engineer automating infrastructure,"Abu Dhabi, UAE",https://www.linkedin.com/in/john-sheikh-57,https://example.com/profiles/john_sheikh_57.jpg,2025-08-28,No,No,SN000058,KPMG,Oil & Energy,Lead,"MBA, INSEAD"
P00059,Amanda,Al-Rashid,Unspecified,Engineering Manager,Software engineer with expertise in enterprise applications,"Riyadh, Saudi Arabia",https://www.linkedin.com/in/amanda-al-rashid-58,https://example.com/profiles/amanda_al-rashid_58.jpg,2025-10-08,Yes,No,SN000059,Data Analytics Pro,Manufacturing,Lead,"MS Data Science, Stanford"
P00060,James,Williams,Male,DevOps Engineer,Software engineer with expertise in enterprise applications,"Lahore, Pakistan",https://www.linkedin.com/in/james-williams-59,https://example.com/profiles/james_williams_59.jpg,2025-10-29,No,No,SN000060,Cloud Systems,Fintech,Principal,
P00061,Layla,Miller,Unspecified,DevOps Engineer,Cybersecurity expert protecting digital assets,"Lahore, Pakistan",https://www.linkedin.com/in/layla-miller-60,https://example.com/profiles/layla_miller_60.jpg,2025-06-24,No,No,SN000061,Saudi Telecom Company,IT Services,Director,"MS Information Technology, MIT"
P00062,James,Al-Ghamdi,Male,Business Analyst,Full-stack developer building scalable applications,"Mecca, Saudi Arabia",https://www.linkedin.com/in/james-al-ghamdi-61,https://example.com/profiles/james_al-ghamdi_61.jpg,2025-07-17,No,No,SN000062,Modern Tech,Cybersecurity,Entry,
P00063,Saeed,Khan,Male,Solutions Architect,Technology leader driving innovation,"Lahore, Pakistan",https://www.linkedin.com/in/saeed-khan-62,https://example.com/profiles/saeed_khan_62.jpg,2025-05-30,Yes,Yes,SN000063,STC Solutions,Manufacturing,Principal,"MS Data Science, Stanford"
P00064,David,Al-Otaibi,Male,Database Administrator,Full-stack developer building scalable applications,"Islamabad, Pakistan",https://www.linkedin.com/in/david-al-otaibi-63,https://example.com/profiles/david_al-otaibi_63.jpg,2025-05-09,No,No,SN000064,Enterprise Solutions,Data Analytics,Director,
P00065,Fahad,Al-Mutairi,Male,IT Director,IT consultant helping businesses digital transformation,"Dubai, UAE",https://www.linkedin.com/in/fahad-al-mutairi-64,https://example.com/profiles/fahad_al-mutairi_64.jpg,2025-08-07,Yes,No,SN000065,KPMG,Cybersecurity,VP,"BS Computer Science, King Saud University"
P00066,Usman,Al-Mansouri,Unspecified,Senior Software Engineer,Technology leader driving innovation,"Mecca, Saudi Arabia",https://www.linkedin.com/in/usman-al-mansouri-65,https://example.com/profiles/usman_al-mansouri_65.jpg,2025-08-07,Yes,Yes,SN000066,STC Solutions,Cloud Computing,VP,"BS Software Engineering, NUST"
P00067,Saeed,Sheikh,Unspecified,Chief Technology Officer,Experienced IT professional specializing in cloud solutions,"Medina, Saudi Arabia",https://www.linkedin.com/in/saeed-sheikh-66,https://example.com/profiles/saeed_sheikh_66.jpg,2025-07-28,No,No,SN000067,Oracle Saudi Arabia,Oil & Energy,C-Level,"MS Data Science, Stanford"
P00068,Michelle,Khan,Male,Senior Software Engineer,IT consultant helping businesses digital transformation,"Lahore, Pakistan",https://www.linkedin.com/in/michelle-khan-67,https://example.com/profiles/michelle_khan_67.jpg,2025-07-22,No,No,SN000068,Saudi Telecom Company,ERP Solutions,VP,"MBA, INSEAD"
P00069,Aisha,Ali,Unspecified,Cloud Architect,Technology leader driving innovation,"Lahore, Pakistan",https://www.linkedin.com/in/aisha-ali-68,https://example.com/profiles/aisha_ali_68.jpg,2025-08-13,No,Yes,SN000069,Data Analytics Pro,Manufacturing,VP,"MBA, INSEAD"
P00070,Thomas,Brown,Unspecified,IT Director,Experienced IT professional specializing in cloud solutions,"Karachi, Pakistan",https://www.linkedin.com/in/thomas-brown-69,https://example.com/profiles/thomas_brown_69.jpg,2025-08-25,No,No,SN000070,Data Analytics Pro,Manufacturing,Senior,"MBA, INSEAD"
P00071,Sarah,Al-Mansouri,Unspecified,IT Director,DevOps engineer automating infrastructure,"Jeddah, Saudi Arabia",https://www.linkedin.com/in/sarah-al-mansouri-70,https://example.com/profiles/sarah_al-mansouri_70.jpg,2025-05-17,No,Yes,SN000071,Modern Tech,Healthcare IT,VP,
P00072,Amanda,Al-Ghamdi,Female,Product Manager,Software engineer with expertise in enterprise applications,"Lahore, Pakistan",https://www.linkedin.com/in/amanda-al-ghamdi-71,https://example.com/profiles/amanda_al-ghamdi_71.jpg,2025-08-25,No,Yes,SN000072,Enterprise Solutions,Manufacturing,C-Level,"BS Software Engineering, NUST"
P00073,James,Ali,Female,Solutions Architect,Software engineer with expertise in enterprise applications,"Riyadh, Saudi Arabia",https://www.linkedin.com/in/james-ali-72,https://example.com/profiles/james_ali_72.jpg,2025-09-26,Yes,No,SN000073,Deloitte,Banking,Lead,"MBA, INSEAD"
P00074,Thomas,Sheikh,Female,Technical Lead,Technology leader driving innovation,"Jeddah, Saudi Arabia",https://www.linkedin.com/in/thomas-sheikh-73,https://example.com/profiles/thomas_sheikh_73.jpg,2025-10-08,No,No,SN000074,KPMG,Cloud Computing,VP,"BS Computer Science, King Saud University"
P00075,Michelle,Al-Zahrani,Female,Technical Lead,IT consultant helping businesses digital transformation,"Karachi, Pakistan",https://www.linkedin.com/in/michelle-al-zahrani-74,https://example.com/profiles/michelle_al-zahrani_74.jpg,2025-08-15,Yes,No,SN000075,PwC,Retail,Mid,"BS Software Engineering, NUST"
P00076,Ali,Al-Mutairi,Male,Data Scientist,ERP implementation specialist,"Medina, Saudi Arabia",https://www.linkedin.com/in/ali-al-mutairi-75,https://example.com/profiles/ali_al-mutairi_75.jpg,2025-05-13,No,No,SN000076,Aramco,IT Services,C-Level,"MS Information Technology, MIT"
P00077,Khadija,Williams,Male,Chief Technology Officer,Technology leader driving innovation,"Lahore, Pakistan",https://www.linkedin.com/in/khadija-williams-76,https://example.com/profiles/khadija_williams_76.jpg,2025-08-23,No,No,SN000077,Cloud Systems,Oil & Energy,Senior,"BS Computer Science, King Saud University"
P00078,John,Raza,Female,Database Administrator,Full-stack developer building scalable applications,"Medina, Saudi Arabia",https://www.linkedin.com/in/john-raza-77,https://example.com/profiles/john_raza_77.jpg,2025-10-21,No,No,SN000078,TechCorp Solutions,Oil & Energy,Director,
P00079,Jessica,Hassan,Unspecified,Engineering Manager,Data scientist passionate about analytics,"Karachi, Pakistan",https://www.linkedin.com/in/jessica-hassan-78,https://example.com/profiles/jessica_hassan_78.jpg,2025-07-27,No,No,SN000079,Ernst & Young,Manufacturing,Entry,
P00080,Usman,Davis,Female,DevOps Engineer,Experienced IT professional specializing in cloud solutions,"Dubai, UAE",https://www.linkedin.com/in/usman-davis-79,https://example.com/profiles/usman_davis_79.jpg,2025-06-26,No,No,SN000080,SABIC,Retail,Mid,"MS Data Science, Stanford"
P00081,Muhammad,Hussain,Female,Data Scientist,Cybersecurity expert protecting digital assets,"Lahore, Pakistan",https://www.linkedin.com/in/muhammad-hussain-80,https://example.com/profiles/muhammad_hussain_80.jpg,2025-08-08,No,No,SN000081,IT Innovations,Oil & Energy,Principal,"BS Software Engineering, NUST"
P00082,David,Hussain,Unspecified,Business Analyst,IT consultant helping businesses digital transformation,"Islamabad, Pakistan",https://www.linkedin.com/in/david-hussain-81,https://example.com/profiles/david_hussain_81.jpg,2025-07-27,No,Yes,SN000082,TechCorp Solutions,Cloud Computing,Principal,"MS Data Science, Stanford"
P00083,Lisa,Smith,Unspecified,Product Manager,Software engineer with expertise in enterprise applications,"Karachi, Pakistan",https://www.linkedin.com/in/lisa-smith-82,https://example.com/profiles/lisa_smith_82.jpg,2025-09-25,Yes,No,SN000083,Data Analytics Pro,Telecommunications,Entry,"BS Software Engineering, NUST"
P00084,Saeed,Ahmed,Unspecified,Cloud Architect,Technology leader driving innovation,"Riyadh, Saudi Arabia",https://www.linkedin.com/in/saeed-ahmed-83,https://example.com/profiles/saeed_ahmed_83.jpg,2025-08-06,No,No,SN000084,SABIC,ERP Solutions,Entry,
P00085,Michael,Brown,Female,IT Director,Data scientist passionate about analytics,"Riyadh, Saudi Arabia",https://www.linkedin.com/in/michael-brown-84,https://example.com/profiles/michael_brown_84.jpg,2025-07-02,No,No,SN000085,Ernst & Young,Digital Transformation,Principal,"BS Software Engineering, NUST"
P00086,Lisa,Al-Zahrani,Female,DevOps Engineer,DevOps engineer automating infrastructure,"Medina, Saudi Arabia",https://www.linkedin.com/in/lisa-al-zahrani-85,https://example.com/profiles/lisa_al-zahrani_85.jpg,2025-10-21,No,No,SN000086,Modern Tech,Fintech,Entry,"BS Software Engineering, NUST"
P00087,Muhammad,Brown,Male,Systems Administrator,IT director managing technology teams,"Medina, Saudi Arabia",https://www.linkedin.com/in/muhammad-brown-86,https://example.com/profiles/muhammad_brown_86.jpg,2025-09-07,No,No,SN000087,STC Solutions,IT Services,Entry,"BS Software Engineering, NUST"
P00088,Usman,Sheikh,Unspecified,IT Consultant,IT consultant helping businesses digital transformation,"Abu Dhabi, UAE",https://www.linkedin.com/in/usman-sheikh-87,https://example.com/profiles/usman_sheikh_87.jpg,2025-07-17,No,No,SN000088,IT Innovations,IT Services,VP,"BS Software Engineering, NUST"
P00089,Thomas,Sheikh,Male,Product Manager,DevOps engineer automating infrastructure,"Abu Dhabi, UAE",https://www.linkedin.com/in/thomas-sheikh-88,https://example.com/profiles/thomas_sheikh_88.jpg,2025-06-06,No,No,SN000089,IBM Saudi Arabia,Banking,C-Level,"BS Computer Science, King Saud University"
P00090,Ali,Martinez,Female,DevOps Engineer,ERP implementation specialist,"Jeddah, Saudi Arabia",https://www.linkedin.com/in/ali-martinez-89,https://example.com/profiles/ali_martinez_89.jpg,2025-10-07,No,No,SN000090,Accenture,Cybersecurity,Mid,"MBA, INSEAD"
P00091,Fatima,Al-Rashid,Unspecified,Cloud Architect,IT consultant helping businesses digital transformation,"Islamabad, Pakistan",https://www.linkedin.com/in/fatima-al-rashid-90,https://example.com/profiles/fatima_al-rashid_90.jpg,2025-07-22,No,No,SN000091,PwC,Cloud Computing,Principal,"BS Software Engineering, NUST"
P00092,Thomas,Al-Harbi,Female,Data Scientist,DevOps engineer automating infrastructure,"Riyadh, Saudi Arabia",https://www.linkedin.com/in/thomas-al-harbi-91,https://example.com/profiles/thomas_al-harbi_91.jpg,2025-06-02,No,No,SN000092,Deloitte,Cloud Computing,Mid,"BS Software Engineering, NUST"
P00093,Richard,Davis,Male,Chief Technology Officer,Technology leader driving innovation,"Khobar, Saudi Arabia",https://www.linkedin.com/in/richard-davis-92,https://example.com/profiles/richard_davis_92.jpg,2025-06-15,No,Yes,SN000093,IT Innovations,Fintech,VP,
P00094,Emily,Miller,Unspecified,IT Consultant,Technology leader driving innovation,"Islamabad, Pakistan",https://www.linkedin.com/in/emily-miller-93,https://example.com/profiles/emily_miller_93.jpg,2025-08-02,No,No,SN000094,Cloud Systems,ERP Solutions,C-Level,"MBA, INSEAD"
P00095,Joseph,Al-Saud,Female,Senior Software Engineer,Full-stack developer building scalable applications,"Dammam, Saudi Arabia",https://www.linkedin.com/in/joseph-al-saud-94,https://example.com/profiles/joseph_al-saud_94.jpg,2025-09-02,No,No,SN000095,Enterprise Solutions,E-commerce,Principal,"MBA, INSEAD"
P00096,Joseph,Smith,Female,Network Engineer,Full-stack developer building scalable applications,"Dubai, UAE",https://www.linkedin.com/in/joseph-smith-95,https://example.com/profiles/joseph_smith_95.jpg,2025-09-02,Yes,No,SN000096,Data Analytics Pro,Fintech,Lead,"MS Data Science, Stanford"
P00097,Khadija,Garcia,Unspecified,Project Manager,Technology leader driving innovation,"Mecca, Saudi Arabia",https://www.linkedin.com/in/khadija-garcia-96,https://example.com/profiles/khadija_garcia_96.jpg,2025-07-22,No,No,SN000097,Enterprise Solutions,Retail,Director,"MBA, INSEAD"
P00098,Michael,Martinez,Male,Systems Administrator,Software engineer with expertise in enterprise applications,"Dammam, Saudi Arabia",https://www.linkedin.com/in/michael-martinez-97,https://example.com/profiles/michael_martinez_97.jpg,2025-09-12,No,No,SN000098,IBM Saudi Arabia,ERP Solutions,Mid,"MBA, INSEAD"
P00099,Michelle,Brown,Unspecified,Product Manager,IT director managing technology teams,"Dubai, UAE",https://www.linkedin.com/in/michelle-brown-98,https://example.com/profiles/michelle_brown_98.jpg,2025-08-23,No,Yes,SN000099,IBM Saudi Arabia,Software Development,C-Level,
P00100,Richard,Al-Saud,Female,Network Engineer,Software engineer with expertise in enterprise applications,"Mecca, Saudi Arabia",https://www.linkedin.com/in/richard-al-saud-99,https://example.com/profiles/richard_al-saud_99.jpg,2025-09-27,No,No,SN000100,Al Rajhi Bank,Manufacturing,Senior,
P00101,Ibrahim,Al-Saud,Male,Chief Information Officer,IT director managing technology teams,"Karachi, Pakistan",https://www.linkedin.com/in/ibrahim-al-saud-100,https://example.com/profiles/ibrahim_al-saud_100.jpg,2025-07-19,No,Yes,SN000101,PwC,Data Analytics,Principal,"MS Information Technology, MIT"
P00102,Ali,Rodriguez,Unspecified,Project Manager,DevOps engineer automating infrastructure,"Dammam, Saudi Arabia",https://www.linkedin.com/in/ali-rodriguez-101,https://example.com/profiles/ali_rodriguez_101.jpg,2025-08-06,No,No,SN000102,PwC,Fintech,C-Level,
P00103,Omar,Ahmed,Male,Senior Software Engineer,Full-stack developer building scalable applications,"Islamabad, Pakistan",https://www.linkedin.com/in/omar-ahmed-102,https://example.com/profiles/omar_ahmed_102.jpg,2025-06-02,No,No,SN000103,Modern Tech,Cloud Computing,C-Level,"MS Information Technology, MIT"
P00104,Richard,Khan,Male,Chief Technology Officer,Cybersecurity expert protecting digital assets,"Medina, Saudi Arabia",https://www.linkedin.com/in/richard-khan-103,https://example.com/profiles/richard_khan_103.jpg,2025-06-16,No,No,SN000104,Deloitte,Data Analytics,Principal,
P00105,Zainab,Garcia,Female,Cloud Architect,Cybersecurity expert protecting digital assets,"Mecca, Saudi Arabia",https://www.linkedin.com/in/zainab-garcia-104,https://example.com/profiles/zainab_garcia_104.jpg,2025-09-06,No,No,SN000105,IT Innovations,IT Services,VP,"MS Information Technology, MIT"
P00106,Linda,Brown,Female,IT Consultant,DevOps engineer automating infrastructure,"Lahore, Pakistan",https://www.linkedin.com/in/linda-brown-105,https://example.com/profiles/linda_brown_105.jpg,2025-06-26,No,No,SN000106,Saudi Telecom Company,Oil & Energy,Entry,"BS Software Engineering, NUST"
P00107,Aisha,Garcia,Female,Engineering Manager,Data scientist passionate about analytics,"Jeddah, Saudi Arabia",https://www.linkedin.com/in/aisha-garcia-106,https://example.com/profiles/aisha_garcia_106.jpg,2025-06-03,No,No,SN000107,KPMG,IT Services,Entry,"MS Data Science, Stanford"
P00108,Amina,Jones,Male,Product Manager,Data scientist passionate about analytics,"Dammam, Saudi Arabia",https://www.linkedin.com/in/amina-jones-107,https://example.com/profiles/amina_jones_107.jpg,2025-10-16,Yes,No,SN000108,Saudi Telecom Company,Banking,Senior,
P00109,Aisha,Williams,Unspecified,Technical Lead,Software engineer with expertise in enterprise applications,"Medina, Saudi Arabia",https://www.linkedin.com/in/aisha-williams-108,https://example.com/profiles/aisha_williams_108.jpg,2025-06-23,No,No,SN000109,Deloitte,Data Analytics,Principal,"BS Software Engineering, NUST"
P00110,Amanda,Al-Zahrani,Female,Network Engineer,DevOps engineer automating infrastructure,"Medina, Saudi Arabia",https://www.linkedin.com/in/amanda-al-zahrani-109,https://example.com/profiles/amanda_al-zahrani_109.jpg,2025-10-20,No,No,SN000110,PwC,Fintech,VP,"MBA, INSEAD"
P00111,Jessica,Raza,Male,Database Administrator,Software engineer with expertise in enterprise applications,"Medina, Saudi Arabia",https://www.linkedin.com/in/jessica-raza-110,https://example.com/profiles/jessica_raza_110.jpg,2025-07-03,No,No,SN000111,Ernst & Young,Cloud Computing,VP,"BS Computer Science, King Saud University"
P00112,Richard,Al-Rashid,Unspecified,Cloud Architect,IT consultant helping businesses digital transformation,"Islamabad, Pakistan",https://www.linkedin.com/in/richard-al-rashid-111,https://example.com/profiles/richard_al-rashid_111.jpg,2025-06-16,Yes,No,SN000112,SecureNet,Software Development,Lead,"MBA, INSEAD"
P00113,Joseph,Al-Zahrani,Male,Network Engineer,Data scientist passionate about analytics,"Riyadh, Saudi Arabia",https://www.linkedin.com/in/joseph-al-zahrani-112,https://example.com/profiles/joseph_al-zahrani_112.jpg,2025-07-16,No,No,SN000113,IT Innovations,E-commerce,VP,"BS Software Engineering, NUST"
P00114,Emily,Sheikh,Male,IT Consultant,DevOps engineer automating infrastructure,"Lahore, Pakistan",https://www.linkedin.com/in/emily-sheikh-113,https://example.com/profiles/emily_sheikh_113.jpg,2025-06-11,No,No,SN000114,SABIC,Software Development,Entry,"MS Data Science, Stanford"
P00115,Sara,Al-Zahrani,Female,Technical Lead,Technology leader driving innovation,"Medina, Saudi Arabia",https://www.linkedin.com/in/sara-al-zahrani-114,https://example.com/profiles/sara_al-zahrani_114.jpg,2025-06-20,No,No,SN000115,TechCorp Solutions,ERP Solutions,Entry,
P00116,Sara,Al-Zahrani,Male,Chief Technology Officer,Data scientist passionate about analytics,"Islamabad, Pakistan",https://www.linkedin.com/in/sara-al-zahrani-115,https://example.com/profiles/sara_al-zahrani_115.jpg,2025-10-04,Yes,Yes,SN000116,Microsoft Saudi Arabia,Telecommunications,Principal,
P00117,Hafsa,Rodriguez,Unspecified,Technical Lead,ERP implementation specialist,"Jeddah, Saudi Arabia",https://www.linkedin.com/in/hafsa-rodriguez-116,https://example.com/profiles/hafsa_rodriguez_116.jpg,2025-05-31,No,No,SN000117,Accenture,Cybersecurity,Director,"BS Computer Science, King Saud University"
P00118,Amanda,Garcia,Male,Technical Lead,ERP implementation specialist,"Jeddah, Saudi Arabia",https://www.linkedin.com/in/amanda-garcia-117,https://example.com/profiles/amanda_garcia_117.jpg,2025-08-28,No,No,SN000118,SABIC,Retail,Senior,
P00119,Richard,Jones,Female,Business Analyst,Cybersecurity expert protecting digital assets,"Riyadh, Saudi Arabia",https://www.linkedin.com/in/richard-jones-118,https://example.com/profiles/richard_jones_118.jpg,2025-11-01,No,No,SN000119,SecureNet,E-commerce,Entry,"MBA, INSEAD"
P00120,Usman,Al-Otaibi,Female,Senior Software Engineer,Technology leader driving innovation,"Karachi, Pakistan",https://www.linkedin.com/in/usman-al-otaibi-119,https://example.com/profiles/usman_al-otaibi_119.jpg,2025-06-26,Yes,No,SN000120,Cloud Systems,Telecommunications,Principal,"MS Information Technology, MIT"
P00121,Muhammad,Butt,Unspecified,IT Consultant,ERP implementation specialist,"Khobar, Saudi Arabia",https://www.linkedin.com/in/muhammad-butt-120,https://example.com/profiles/muhammad_butt_120.jpg,2025-07-16,No,No,SN000121,STC Solutions,Cybersecurity,C-Level,"BS Computer Science, King Saud University"
P00122,Joseph,Malik,Male,Database Administrator,Software engineer with expertise in enterprise applications,"Mecca, Saudi Arabia",https://www.linkedin.com/in/joseph-malik-121,https://example.com/profiles/joseph_malik_121.jpg,2025-10-26,No,No,SN000122,SecureNet,Cybersecurity,Lead,"MS Information Technology, MIT"
P00123,William,Jones,Male,Software Developer,Technology leader driving innovation,"Dammam, Saudi Arabia",https://www.linkedin.com/in/william-jones-122,https://example.com/profiles/william_jones_122.jpg,2025-09-26,No,No,SN000123,IT Innovations,Cybersecurity,VP,"BS Software Engineering, NUST"
P00124,Charles,Smith,Male,Senior Software Engineer,ERP implementation specialist,"Riyadh, Saudi Arabia",https://www.linkedin.com/in/charles-smith-123,https://example.com/profiles/charles_smith_123.jpg,2025-07-03,No,No,SN000124,Deloitte,Cybersecurity,VP,"BS Computer Science, King Saud University"
P00125,Fatima,Malik,Unspecified,Product Manager,Full-stack developer building scalable applications,"Medina, Saudi Arabia",https://www.linkedin.com/in/fatima-malik-124,https://example.com/profiles/fatima_malik_124.jpg,2025-10-31,No,No,SN000125,Al Rajhi Bank,Retail,VP,"MS Data Science, Stanford"
P00126,Amina,Smith,Unspecified,Software Developer,IT consultant helping businesses digital transformation,"Mecca, Saudi Arabia",https://www.linkedin.com/in/amina-smith-125,https://example.com/profiles/amina_smith_125.jpg,2025-08-18,No,No,SN000126,TechCorp Solutions,Fintech,Lead,"BS Computer Science, King Saud University"
P00127,Fatima,Ali,Male,Business Analyst,Experienced IT professional specializing in cloud solutions,"Jeddah, Saudi Arabia",https://www.linkedin.com/in/fatima-ali-126,https://example.com/profiles/fatima_ali_126.jpg,2025-09-11,No,No,SN000127,Accenture,Digital Transformation,Mid,
P00128,Jessica,Garcia,Female,DevOps Engineer,Technology leader driving innovation,"Jeddah, Saudi Arabia",https://www.linkedin.com/in/jessica-garcia-127,https://example.com/profiles/jessica_garcia_127.jpg,2025-05-22,No,No,SN000128,Saudi Telecom Company,Cybersecurity,C-Level,"MBA, INSEAD"
P00129,John,Al-Otaibi,Female,Network Engineer,IT director managing technology teams,"Khobar, Saudi Arabia",https://www.linkedin.com/in/john-al-otaibi-128,https://example.com/profiles/john_al-otaibi_128.jpg,2025-08-16,No,No,SN000129,PwC,Data Analytics,VP,
P00130,Ibrahim,Sheikh,Female,Chief Technology Officer,IT consultant helping businesses digital transformation,"Abu Dhabi, UAE",https://www.linkedin.com/in/ibrahim-sheikh-129,https://example.com/profiles/ibrahim_sheikh_129.jpg,2025-08-03,No,No,SN000130,Oracle Saudi Arabia,Banking,VP,"MS Data Science, Stanford"
P00131,Aisha,Al-Rashid,Male,Technical Lead,IT director managing technology teams,"Lahore, Pakistan",https://www.linkedin.com/in/aisha-al-rashid-130,https://example.com/profiles/aisha_al-rashid_130.jpg,2025-10-13,No,No,SN000131,IT Innovations,Digital Transformation,Principal,"BS Software Engineering, NUST"
P00132,Khalid,Brown,Male,Systems Administrator,DevOps engineer automating infrastructure,"Dubai, UAE",https://www.linkedin.com/in/khalid-brown-131,https://example.com/profiles/khalid_brown_131.jpg,2025-06-24,Yes,No,SN000132,PwC,E-commerce,Entry,"MS Information Technology, MIT"
P00133,Michelle,Jones,Unspecified,DevOps Engineer,Full-stack developer building scalable applications,"Dubai, UAE",https://www.linkedin.com/in/michelle-jones-132,https://example.com/profiles/michelle_jones_132.jpg,2025-10-13,No,Yes,SN000133,KPMG,Data Analytics,Lead,"BS Software Engineering, NUST"
P00134,Layla,Ali,Male,Data Scientist,DevOps engineer automating infrastructure,"Dammam, Saudi Arabia",https://www.linkedin.com/in/layla-ali-133,https://example.com/profiles/layla_ali_133.jpg,2025-10-11,No,No,SN000134,Cloud Systems,Digital Transformation,C-Level,"MS Information Technology, MIT"
P00135,Michelle,Al-Ghamdi,Male,Chief Information Officer,ERP implementation specialist,"Dammam, Saudi Arabia",https://www.linkedin.com/in/michelle-al-ghamdi-134,https://example.com/profiles/michelle_al-ghamdi_134.jpg,2025-05-10,No,No,SN000135,KPMG,E-commerce,Mid,
P00136,Barbara,Al-Saud,Male,Chief Technology Officer,DevOps engineer automating infrastructure,"Jeddah, Saudi Arabia",https://www.linkedin.com/in/barbara-al-saud-135,https://example.com/profiles/barbara_al-saud_135.jpg,2025-08-08,No,No,SN000136,TechCorp Solutions,Data Analytics,Director,"MS Data Science, Stanford"
P00137,Jessica,Al-Saud,Female,Project Manager,Data scientist passionate about analytics,"Mecca, Saudi Arabia",https://www.linkedin.com/in/jessica-al-saud-136,https://example.com/profiles/jessica_al-saud_136.jpg,2025-06-11,Yes,No,SN000137,Microsoft Saudi Arabia,Oil & Energy,VP,
P00138,Charles,Williams,Male,Business Analyst,Full-stack developer building scalable applications,"Lahore, Pakistan",https://www.linkedin.com/in/charles-williams-137,https://example.com/profiles/charles_williams_137.jpg,2025-07-04,No,No,SN000138,Cloud Systems,ERP Solutions,Mid,
P00139,Aisha,Rodriguez,Male,Data Scientist,IT director managing technology teams,"Medina, Saudi Arabia",https://www.linkedin.com/in/aisha-rodriguez-138,https://example.com/profiles/aisha_rodriguez_138.jpg,2025-06-14,No,No,SN000139,KPMG,Telecommunications,C-Level,
P00140,Ahmed,Davis,Female,Chief Information Officer,Software engineer with expertise in enterprise applications,"Jeddah, Saudi Arabia",https://www.linkedin.com/in/ahmed-davis-139,https://example.com/profiles/ahmed_davis_139.jpg,2025-06-15,No,No,SN000140,Ernst & Young,Data Analytics,Mid,
P00141,Hafsa,Iqbal,Female,Software Developer,Cybersecurity expert protecting digital assets,"Lahore, Pakistan",https://www.linkedin.com/in/hafsa-iqbal-140,https://example.com/profiles/hafsa_iqbal_140.jpg,2025-06-14,No,No,SN000141,KPMG,Healthcare IT,Principal,"MS Information Technology, MIT"
P00142,Fatima,Hussain,Male,Software Developer,ERP implementation specialist,"Lahore, Pakistan",https://www.linkedin.com/in/fatima-hussain-141,https://example.com/profiles/fatima_hussain_141.jpg,2025-05-12,No,Yes,SN000142,Microsoft Saudi Arabia,Telecommunications,Lead,"MS Information Technology, MIT"
P00143,Charles,Williams,Male,IT Director,IT director managing technology teams,"Lahore, Pakistan",https://www.linkedin.com/in/charles-williams-142,https://example.com/profiles/charles_williams_142.jpg,2025-06-28,No,Yes,SN000143,NCB Bank,ERP Solutions,VP,
P00144,Saeed,Al-Ghamdi,Unspecified,Software Developer,Data scientist passionate about analytics,"Medina, Saudi Arabia",https://www.linkedin.com/in/saeed-al-ghamdi-143,https://example.com/profiles/saeed_al-ghamdi_143.jpg,2025-07-24,No,No,SN000144,PwC,Data Analytics,C-Level,"MS Data Science, Stanford"
P00145,Hafsa,Sheikh,Male,Software Developer,DevOps engineer automating infrastructure,"Medina, Saudi Arabia",https://www.linkedin.com/in/hafsa-sheikh-144,https://example.com/profiles/hafsa_sheikh_144.jpg,2025-05-17,No,No,SN000145,Modern Tech,Cloud Computing,VP,
P00146,William,Davis,Female,Product Manager,Full-stack developer building scalable applications,"Abu Dhabi, UAE",https://www.linkedin.com/in/william-davis-145,https://example.com/profiles/william_davis_145.jpg,2025-08-17,No,No,SN000146,IT Innovations,Banking,Entry,"MS Information Technology, MIT"
P00147,Jennifer,Brown,Male,Business Analyst,Data scientist passionate about analytics,"Jeddah, Saudi Arabia",https://www.linkedin.com/in/jennifer-brown-146,https://example.com/profiles/jennifer_brown_146.jpg,2025-06-19,No,No,SN000147,SABIC,Oil & Energy,Mid,"BS Computer Science, King Saud University"
P00148,David,Al-Mansouri,Unspecified,Technical Lead,ERP implementation specialist,"Dammam, Saudi Arabia",https://www.linkedin.com/in/david-al-mansouri-147,https://example.com/profiles/david_al-mansouri_147.jpg,2025-10-26,Yes,Yes,SN000148,Oracle Saudi Arabia,E-commerce,Principal,"MS Information Technology, MIT"
P00149,Aisha,Garcia,Female,Software Developer,ERP implementation specialist,"Abu Dhabi, UAE",https://www.linkedin.com/in/aisha-garcia-148,https://example.com/profiles/aisha_garcia_148.jpg,2025-06-20,No,No,SN000149,PwC,Cloud Computing,C-Level,"MBA, INSEAD"
P00150,Ibrahim,Sheikh,Female,Systems Administrator,IT consultant helping businesses digital transformation,"Dammam, Saudi Arabia",https://www.linkedin.com/in/ibrahim-sheikh-149,https://example.com/profiles/ibrahim_sheikh_149.jpg,2025-10-16,No,Yes,SN000150,Microsoft Saudi Arabia,Fintech,C-Level,"BS Software Engineering, NUST"
P00151,William,Jones,Male,Chief Information Officer,Full-stack developer building scalable applications,"Islamabad, Pakistan",https://www.linkedin.com/in/william-jones-150,https://example.com/profiles/william_jones_150.jpg,2025-06-28,No,No,SN000151,Al Rajhi Bank,Telecommunications,Senior,
P00152,Muhammad,Davis,Unspecified,Product Manager,Software engineer with expertise in enterprise applications,"Lahore, Pakistan",https://www.linkedin.com/in/muhammad-davis-151,https://example.com/profiles/muhammad_davis_151.jpg,2025-08-10,Yes,Yes,SN000152,SecureNet,Cybersecurity,C-Level,
P00153,Khadija,Iqbal,Unspecified,Engineering Manager,IT director managing technology teams,"Lahore, Pakistan",https://www.linkedin.com/in/khadija-iqbal-152,https://example.com/profiles/khadija_iqbal_152.jpg,2025-07-07,Yes,No,SN000153,PwC,IT Services,Lead,"MBA, INSEAD"
P00154,Joseph,Martinez,Male,DevOps Engineer,IT director managing technology teams,"Islamabad, Pakistan",https://www.linkedin.com/in/joseph-martinez-153,https://example.com/profiles/joseph_martinez_153.jpg,2025-06-15,No,No,SN000154,SecureNet,Digital Transformation,VP,"BS Computer Science, King Saud University"
P00155,Layla,Martinez,Female,Systems Administrator,IT director managing technology teams,"Medina, Saudi Arabia",https://www.linkedin.com/in/layla-martinez-154,https://example.com/profiles/layla_martinez_154.jpg,2025-05-20,No,No,SN000155,Ernst & Young,Cloud Computing,Principal,
P00156,Jessica,Rodriguez,Male,Chief Technology Officer,Software engineer with expertise in enterprise applications,"Khobar, Saudi Arabia",https://www.linkedin.com/in/jessica-rodriguez-155,https://example.com/profiles/jessica_rodriguez_155.jpg,2025-08-02,No,Yes,SN000156,Al Rajhi Bank,Healthcare IT,Mid,
P00157,Patricia,Johnson,Female,Engineering Manager,Data scientist passionate about analytics,"Abu Dhabi, UAE",https://www.linkedin.com/in/patricia-johnson-156,https://example.com/profiles/patricia_johnson_156.jpg,2025-08-11,No,Yes,SN000157,STC Solutions,Banking,Senior,"BS Software Engineering, NUST"
P00158,Maryam,Rodriguez,Female,Solutions Architect,DevOps engineer automating infrastructure,"Lahore, Pakistan",https://www.linkedin.com/in/maryam-rodriguez-157,https://example.com/profiles/maryam_rodriguez_157.jpg,2025-05-28,No,No,SN000158,Modern Tech,Oil & Energy,Mid,"BS Software Engineering, NUST"
P00159,Layla,Brown,Male,Chief Technology Officer,Data scientist passionate about analytics,"Mecca, Saudi Arabia",https://www.linkedin.com/in/layla-brown-158,https://example.com/profiles/layla_brown_158.jpg,2025-07-18,Yes,No,SN000159,Saudi Telecom Company,Data Analytics,Mid,
P00160,Noor,Al-Harbi,Unspecified,DevOps Engineer,IT director managing technology teams,"Jeddah, Saudi Arabia",https://www.linkedin.com/in/noor-al-harbi-159,https://example.com/profiles/noor_al-harbi_159.jpg,2025-05-08,Yes,No,SN000160,IBM Saudi Arabia,ERP Solutions,C-Level,"MS Data Science, Stanford"
P00161,Thomas,Hassan,Female,Engineering Manager,Full-stack developer building scalable applications,"Riyadh, Saudi Arabia",https://www.linkedin.com/in/thomas-hassan-160,https://example.com/profiles/thomas_hassan_160.jpg,2025-10-07,No,No,SN000161,Ernst & Young,Digital Transformation,C-Level,
P00162,Omar,Jones,Male,IT Consultant,IT consultant helping businesses digital transformation,"Riyadh, Saudi Arabia",https://www.linkedin.com/in/omar-jones-161,https://example.com/profiles/omar_jones_161.jpg,2025-08-02,No,No,SN000162,Enterprise Solutions,IT Services,VP,"BS Software Engineering, NUST"
P00163,Thomas,Al-Zahrani,Male,Chief Information Officer,Software engineer with expertise in enterprise applications,"Dubai, UAE",https://www.linkedin.com/in/thomas-al-zahrani-162,https://example.com/profiles/thomas_al-zahrani_162.jpg,2025-10-31,No,No,SN000163,Cloud Systems,Cybersecurity,Lead,"MBA, INSEAD"
P00164,James,Ali,Female,Database Administrator,Experienced IT professional specializing in cloud solutions,"Karachi, Pakistan",https://www.linkedin.com/in/james-ali-163,https://example.com/profiles/james_ali_163.jpg,2025-07-06,No,No,SN000164,IBM Saudi Arabia,Digital Transformation,C-Level,"MS Data Science, Stanford"
P00165,Omar,Al-Ghamdi,Male,IT Consultant,Experienced IT professional specializing in cloud solutions,"Jeddah, Saudi Arabia",https://www.linkedin.com/in/omar-al-ghamdi-164,https://example.com/profiles/omar_al-ghamdi_164.jpg,2025-10-03,No,No,SN000165,Saudi Telecom Company,Cybersecurity,Lead,"MS Data Science, Stanford"
P00166,Noor,Garcia,Unspecified,IT Consultant,Data scientist passionate about analytics,"Islamabad, Pakistan",https://www.linkedin.com/in/noor-garcia-165,https://example.com/profiles/noor_garcia_165.jpg,2025-06-23,No,No,SN000166,Cloud Systems,Cloud Computing,Principal,
P00167,Emily,Al-Mansouri,Unspecified,Senior Software Engineer,IT consultant helping businesses digital transformation,"Karachi, Pakistan",https://www.linkedin.com/in/emily-al-mansouri-166,https://example.com/profiles/emily_al-mansouri_166.jpg,2025-10-01,No,Yes,SN000167,Microsoft Saudi Arabia,Data Analytics,Mid,"BS Software Engineering, NUST"
P00168,Emily,Jones,Male,Project Manager,ERP implementation specialist,"Karachi, Pakistan",https://www.linkedin.com/in/emily-jones-167,https://example.com/profiles/emily_jones_167.jpg,2025-10-08,No,No,SN000168,SABIC,Cloud Computing,Entry,
P00169,Ali,Iqbal,Female,Project Manager,Experienced IT professional specializing in cloud solutions,"Dubai, UAE",https://www.linkedin.com/in/ali-iqbal-168,https://example.com/profiles/ali_iqbal_168.jpg,2025-10-26,No,No,SN000169,Data Analytics Pro,Cloud Computing,Senior,"MS Data Science, Stanford"
P00170,Muhammad,Raza,Female,Database Administrator,IT director managing technology teams,"Lahore, Pakistan",https://www.linkedin.com/in/muhammad-raza-169,https://example.com/profiles/muhammad_raza_169.jpg,2025-10-13,No,No,SN000170,Digital Ventures,Cybersecurity,Principal,"BS Computer Science, King Saud University"
P00171,Fatima,Jones,Male,Chief Information Officer,Technology leader driving innovation,"Dammam, Saudi Arabia",https://www.linkedin.com/in/fatima-jones-170,https://example.com/profiles/fatima_jones_170.jpg,2025-05-20,No,No,SN000171,Modern Tech,IT Services,Principal,"MS Information Technology, MIT"
P00172,Jennifer,Rodriguez,Female,Network Engineer,IT consultant helping businesses digital transformation,"Karachi, Pakistan",https://www.linkedin.com/in/jennifer-rodriguez-171,https://example.com/profiles/jennifer_rodriguez_171.jpg,2025-07-30,Yes,No,SN000172,KPMG,Fintech,Director,"BS Software Engineering, NUST"
P00173,Michael,Iqbal,Female,Cloud Architect,IT consultant helping businesses digital transformation,"Islamabad, Pakistan",https://www.linkedin.com/in/michael-iqbal-172,https://example.com/profiles/michael_iqbal_172.jpg,2025-10-06,No,No,SN000173,IT Innovations,Oil & Energy,Entry,
P00174,Amanda,Hassan,Male,IT Director,Cybersecurity expert protecting digital assets,"Abu Dhabi, UAE",https://www.linkedin.com/in/amanda-hassan-173,https://example.com/profiles/amanda_hassan_173.jpg,2025-06-01,No,No,SN000174,Digital Ventures,E-commerce,Principal,
P00175,Robert,Rodriguez,Female,Chief Information Officer,Data scientist passionate about analytics,"Medina, Saudi Arabia",https://www.linkedin.com/in/robert-rodriguez-174,https://example.com/profiles/robert_rodriguez_174.jpg,2025-09-20,No,No,SN000175,IBM Saudi Arabia,Oil & Energy,Senior,
P00176,Hafsa,Al-Zahrani,Male,Business Analyst,Full-stack developer building scalable applications,"Khobar, Saudi Arabia",https://www.linkedin.com/in/hafsa-al-zahrani-175,https://example.com/profiles/hafsa_al-zahrani_175.jpg,2025-09-20,No,No,SN000176,Al Rajhi Bank,Fintech,Director,"BS Software Engineering, NUST"
P00177,Maryam,Iqbal,Male,Senior Software Engineer,Experienced IT professional specializing in cloud solutions,"Dammam, Saudi Arabia",https://www.linkedin.com/in/maryam-iqbal-176,https://example.com/profiles/maryam_iqbal_176.jpg,2025-10-20,No,Yes,SN000177,Saudi Telecom Company,Oil & Energy,VP,"MBA, INSEAD"
P00178,Fatima,Al-Saud,Male,Business Analyst,Cybersecurity expert protecting digital assets,"Abu Dhabi, UAE",https://www.linkedin.com/in/fatima-al-saud-177,https://example.com/profiles/fatima_al-saud_177.jpg,2025-10-24,No,No,SN000178,Deloitte,E-commerce,C-Level,"MS Information Technology, MIT"
P00179,Aisha,Iqbal,Male,Business Analyst,Cybersecurity expert protecting digital assets,"Jeddah, Saudi Arabia",https://www.linkedin.com/in/aisha-iqbal-178,https://example.com/profiles/aisha_iqbal_178.jpg,2025-06-06,No,No,SN000179,Oracle Saudi Arabia,Digital Transformation,Director,
P00180,Richard,Johnson,Male,Chief Information Officer,ERP implementation specialist,"Abu Dhabi, UAE",https://www.linkedin.com/in/richard-johnson-179,https://example.com/profiles/richard_johnson_179.jpg,2025-06-30,No,No,SN000180,SABIC,Cloud Computing,Senior,
P00181,Fahad,Garcia,Unspecified,Chief Technology Officer,Technology leader driving innovation,"Mecca, Saudi Arabia",https://www.linkedin.com/in/fahad-garcia-180,https://example.com/profiles/fahad_garcia_180.jpg,2025-10-14,Yes,No,SN000181,Aramco,Retail,Entry,
P00182,Aisha,Davis,Male,Solutions Architect,Software engineer with expertise in enterprise applications,"Dammam, Saudi Arabia",https://www.linkedin.com/in/aisha-davis-181,https://example.com/profiles/aisha_davis_181.jpg,2025-10-14,No,No,SN000182,KPMG,E-commerce,C-Level,"BS Software Engineering, NUST"
P00183,John,Ali,Male,Senior Software Engineer,Technology leader driving innovation,"Dubai, UAE",https://www.linkedin.com/in/john-ali-182,https://example.com/profiles/john_ali_182.jpg,2025-11-03,No,No,SN000183,NCB Bank,Retail,Principal,"BS Computer Science, King Saud University"
P00184,Linda,Butt,Male,Chief Information Officer,Software engineer with expertise in enterprise applications,"Dubai, UAE",https://www.linkedin.com/in/linda-butt-183,https://example.com/profiles/linda_butt_183.jpg,2025-05-18,No,No,SN000184,Cloud Systems,Healthcare IT,VP,"BS Software Engineering, NUST"
P00185,Omar,Ali,Female,Product Manager,Cybersecurity expert protecting digital assets,"Karachi, Pakistan",https://www.linkedin.com/in/omar-ali-184,https://example.com/profiles/omar_ali_184.jpg,2025-06-13,No,No,SN000185,Microsoft Saudi Arabia,Fintech,Entry,"MS Information Technology, MIT"
P00186,Emily,Al-Ghamdi,Unspecified,Engineering Manager,DevOps engineer automating infrastructure,"Karachi, Pakistan",https://www.linkedin.com/in/emily-al-ghamdi-185,https://example.com/profiles/emily_al-ghamdi_185.jpg,2025-09-17,No,No,SN000186,Aramco,Fintech,Director,"BS Software Engineering, NUST"
P00187,Hassan,Rodriguez,Male,Software Developer,ERP implementation specialist,"Khobar, Saudi Arabia",https://www.linkedin.com/in/hassan-rodriguez-186,https://example.com/profiles/hassan_rodriguez_186.jpg,2025-07-15,No,No,SN000187,Cloud Systems,Telecommunications,Lead,"BS Computer Science, King Saud University"
P00188,Joseph,Ahmed,Female,Chief Information Officer,Experienced IT professional specializing in cloud solutions,"Karachi, Pakistan",https://www.linkedin.com/in/joseph-ahmed-187,https://example.com/profiles/joseph_ahmed_187.jpg,2025-07-01,No,No,SN000188,Ernst & Young,Manufacturing,Director,
P00189,Jennifer,Al-Otaibi,Unspecified,Data Scientist,IT director managing technology teams,"Mecca, Saudi Arabia",https://www.linkedin.com/in/jennifer-al-otaibi-188,https://example.com/profiles/jennifer_al-otaibi_188.jpg,2025-07-31,No,No,SN000189,IBM Saudi Arabia,Retail,Director,"BS Software Engineering, NUST"
P00190,William,Iqbal,Male,Network Engineer,Data scientist passionate about analytics,"Riyadh, Saudi Arabia",https://www.linkedin.com/in/william-iqbal-189,https://example.com/profiles/william_iqbal_189.jpg,2025-10-27,No,Yes,SN000190,Deloitte,Cloud Computing,Entry,"BS Software Engineering, NUST"
P00191,Sara,Smith,Male,Chief Information Officer,Software engineer with expertise in enterprise applications,"Abu Dhabi, UAE",https://www.linkedin.com/in/sara-smith-190,https://example.com/profiles/sara_smith_190.jpg,2025-08-26,No,No,SN000191,STC Solutions,Cloud Computing,Mid,"MBA, INSEAD"
P00192,Khadija,Jones,Male,IT Consultant,Data scientist passionate about analytics,"Riyadh, Saudi Arabia",https://www.linkedin.com/in/khadija-jones-191,https://example.com/profiles/khadija_jones_191.jpg,2025-05-22,No,No,SN000192,Digital Ventures,ERP Solutions,C-Level,
P00193,Ali,Ahmed,Male,DevOps Engineer,IT consultant helping businesses digital transformation,"Dubai, UAE",https://www.linkedin.com/in/ali-ahmed-192,https://example.com/profiles/ali_ahmed_192.jpg,2025-06-14,No,No,SN000193,Cloud Systems,E-commerce,Director,"MS Data Science, Stanford"
P00194,Noor,Butt,Unspecified,Chief Information Officer,DevOps engineer automating infrastructure,"Islamabad, Pakistan",https://www.linkedin.com/in/noor-butt-193,https://example.com/profiles/noor_butt_193.jpg,2025-08-30,No,No,SN000194,Ernst & Young,ERP Solutions,Director,"MS Data Science, Stanford"
P00195,Richard,Al-Harbi,Female,Cloud Architect,Experienced IT professional specializing in cloud solutions,"Dammam, Saudi Arabia",https://www.linkedin.com/in/richard-al-harbi-194,https://example.com/profiles/richard_al-harbi_194.jpg,2025-09-27,Yes,No,SN000195,Ernst & Young,Cybersecurity,VP,
P00196,Amanda,Al-Zahrani,Male,Network Engineer,IT consultant helping businesses digital transformation,"Medina, Saudi Arabia",https://www.linkedin.com/in/amanda-al-zahrani-195,https://example.com/profiles/amanda_al-zahrani_195.jpg,2025-10-16,No,No,SN000196,Modern Tech,ERP Solutions,VP,"MBA, INSEAD"
P00197,Muhammad,Shah,Male,Project Manager,Cybersecurity expert protecting digital assets,"Abu Dhabi, UAE",https://www.linkedin.com/in/muhammad-shah-196,https://example.com/profiles/muhammad_shah_196.jpg,2025-05-17,No,No,SN000197,Saudi Telecom Company,Oil & Energy,VP,"MS Information Technology, MIT"
P00198,Khalid,Al-Harbi,Unspecified,Chief Technology Officer,Technology leader driving innovation,"Dammam, Saudi Arabia",https://www.linkedin.com/in/khalid-al-harbi-197,https://example.com/profiles/khalid_al-harbi_197.jpg,2025-07-13,No,No,SN000198,SABIC,Manufacturing,Lead,
P00199,Maryam,Shah,Unspecified,Chief Technology Officer,IT consultant helping businesses digital transformation,"Dammam, Saudi Arabia",https://www.linkedin.com/in/maryam-shah-198,https://example.com/profiles/maryam_shah_198.jpg,2025-08-13,No,No,SN000199,Accenture,Cybersecurity,Senior,"BS Computer Science, King Saud University"
P00200,Richard,Iqbal,Female,Business Analyst,Experienced IT professional specializing in cloud solutions,"Lahore, Pakistan",https://www.linkedin.com/in/richard-iqbal-199,https://example.com/profiles/richard_iqbal_199.jpg,2025-09-12,No,No,SN000200,Accenture,Fintech,Lead,"MS Data Science, Stanford"
P00201,Patricia,Rodriguez,Male,Solutions Architect,Experienced IT professional specializing in cloud solutions,"Riyadh, Saudi Arabia",https://www.linkedin.com/in/patricia-rodriguez-200,https://example.com/profiles/patricia_rodriguez_200.jpg,2025-07-18,No,No,SN000201,Ernst & Young,ERP Solutions,Director,
P00202,Saeed,Ahmed,Unspecified,Security Specialist,Technology leader driving innovation,"Karachi, Pakistan",https://www.linkedin.com/in/saeed-ahmed-201,https://example.com/profiles/saeed_ahmed_201.jpg,2025-05-08,No,Yes,SN000202,PwC,Retail,Director,
P00203,Fahad,Garcia,Unspecified,Security Specialist,Technology leader driving innovation,"Dubai, UAE",https://www.linkedin.com/in/fahad-garcia-202,https://example.com/profiles/fahad_garcia_202.jpg,2025-10-29,No,No,SN000203,Enterprise Solutions,Data Analytics,VP,"MS Information Technology, MIT"
P00204,Joseph,Al-Saud,Male,Data Scientist,Experienced IT professional specializing in cloud solutions,"Abu Dhabi, UAE",https://www.linkedin.com/in/joseph-al-saud-203,https://example.com/profiles/joseph_al-saud_203.jpg,2025-10-30,No,No,SN000204,Cloud Systems,Digital Transformation,Entry,"BS Software Engineering, NUST"
P00205,Linda,Butt,Female,Chief Technology Officer,ERP implementation specialist,"Lahore, Pakistan",https://www.linkedin.com/in/linda-butt-204,https://example.com/profiles/linda_butt_204.jpg,2025-07-14,No,No,SN000205,Modern Tech,Healthcare IT,Mid,"BS Computer Science, King Saud University"
P00206,Linda,Miller,Unspecified,Product Manager,Data scientist passionate about analytics,"Karachi, Pakistan",https://www.linkedin.com/in/linda-miller-205,https://example.com/profiles/linda_miller_205.jpg,2025-09-17,No,No,SN000206,Cloud Systems,Oil & Energy,VP,"MBA, INSEAD"
P00207,Michael,Davis,Unspecified,Chief Information Officer,Cybersecurity expert protecting digital assets,"Jeddah, Saudi Arabia",https://www.linkedin.com/in/michael-davis-206,https://example.com/profiles/michael_davis_206.jpg,2025-09-18,No,No,SN000207,Saudi Telecom Company,Cloud Computing,Lead,"MS Data Science, Stanford"
P00208,Hassan,Iqbal,Unspecified,Product Manager,Data scientist passionate about analytics,"Lahore, Pakistan",https://www.linkedin.com/in/hassan-iqbal-207,https://example.com/profiles/hassan_iqbal_207.jpg,2025-10-10,No,No,SN000208,Data Analytics Pro,Healthcare IT,Mid,
P00209,Barbara,Davis,Female,Security Specialist,ERP implementation specialist,"Dammam, Saudi Arabia",https://www.linkedin.com/in/barbara-davis-208,https://example.com/profiles/barbara_davis_208.jpg,2025-06-05,No,No,SN000209,IBM Saudi Arabia,Retail,Senior,"MS Data Science, Stanford"
P00210,Omar,Jones,Male,DevOps Engineer,IT director managing technology teams,"Riyadh, Saudi Arabia",https://www.linkedin.com/in/omar-jones-209,https://example.com/profiles/omar_jones_209.jpg,2025-07-27,No,No,SN000210,IT Innovations,IT Services,Entry,"MBA, INSEAD"
P00211,Saeed,Raza,Unspecified,Data Scientist,IT director managing technology teams,"Medina, Saudi Arabia",https://www.linkedin.com/in/saeed-raza-210,https://example.com/profiles/saeed_raza_210.jpg,2025-06-18,No,No,SN000211,STC Solutions,Banking,Senior,"MBA, INSEAD"
P00212,Amina,Al-Ghamdi,Male,IT Director,DevOps engineer automating infrastructure,"Karachi, Pakistan",https://www.linkedin.com/in/amina-al-ghamdi-211,https://example.com/profiles/amina_al-ghamdi_211.jpg,2025-06-24,No,No,SN000212,IBM Saudi Arabia,Cybersecurity,VP,
P00213,Richard,Shah,Female,Cloud Architect,Data scientist passionate about analytics,"Dubai, UAE",https://www.linkedin.com/in/richard-shah-212,https://example.com/profiles/richard_shah_212.jpg,2025-06-18,No,No,SN000213,PwC,Data Analytics,Director,"BS Computer Science, King Saud University"
P00214,Maryam,Davis,Female,Business Analyst,Technology leader driving innovation,"Medina, Saudi Arabia",https://www.linkedin.com/in/maryam-davis-213,https://example.com/profiles/maryam_davis_213.jpg,2025-05-25,No,No,SN000214,Modern Tech,ERP Solutions,Senior,"BS Computer Science, King Saud University"
P00215,William,Ali,Female,Chief Information Officer,Data scientist passionate about analytics,"Khobar, Saudi Arabia",https://www.linkedin.com/in/william-ali-214,https://example.com/profiles/william_ali_214.jpg,2025-08-30,Yes,No,SN000215,KPMG,Telecommunications,Senior,"MS Information Technology, MIT"
P00216,William,Al-Harbi,Female,Product Manager,ERP implementation specialist,"Medina, Saudi Arabia",https://www.linkedin.com/in/william-al-harbi-215,https://example.com/profiles/william_al-harbi_215.jpg,2025-08-20,No,No,SN000216,SecureNet,Retail,Principal,
P00217,Ibrahim,Al-Mansouri,Unspecified,Chief Technology Officer,Experienced IT professional specializing in cloud solutions,"Jeddah, Saudi Arabia",https://www.linkedin.com/in/ibrahim-al-mansouri-216,https://example.com/profiles/ibrahim_al-mansouri_216.jpg,2025-08-16,No,No,SN000217,STC Solutions,Telecommunications,Entry,"MS Information Technology, MIT"
P00218,Amina,Williams,Male,Project Manager,Cybersecurity expert protecting digital assets,"Mecca, Saudi Arabia",https://www.linkedin.com/in/amina-williams-217,https://example.com/profiles/amina_williams_217.jpg,2025-07-16,No,Yes,SN000218,IBM Saudi Arabia,Data Analytics,Principal,"BS Computer Science, King Saud University"
P00219,Amina,Al-Ghamdi,Male,Software Developer,Software engineer with expertise in enterprise applications,"Dubai, UAE",https://www.linkedin.com/in/amina-al-ghamdi-218,https://example.com/profiles/amina_al-ghamdi_218.jpg,2025-08-30,No,No,SN000219,Deloitte,Data Analytics,VP,"MBA, INSEAD"
P00220,Usman,Malik,Unspecified,Business Analyst,DevOps engineer automating infrastructure,"Riyadh, Saudi Arabia",https://www.linkedin.com/in/usman-malik-219,https://example.com/profiles/usman_malik_219.jpg,2025-07-08,No,No,SN000220,Digital Ventures,Healthcare IT,Principal,"MS Information Technology, MIT"
P00221,Charles,Al-Otaibi,Female,Cloud Architect,Cybersecurity expert protecting digital assets,"Lahore, Pakistan",https://www.linkedin.com/in/charles-al-otaibi-220,https://example.com/profiles/charles_al-otaibi_220.jpg,2025-06-19,No,No,SN000221,IBM Saudi Arabia,Cybersecurity,Director,"MBA, INSEAD"
P00222,Saeed,Sheikh,Unspecified,Database Administrator,Data scientist passionate about analytics,"Dammam, Saudi Arabia",https://www.linkedin.com/in/saeed-sheikh-221,https://example.com/profiles/saeed_sheikh_221.jpg,2025-10-31,No,No,SN000222,Modern Tech,Retail,Mid,"MS Data Science, Stanford"
P00223,Aisha,Smith,Female,DevOps Engineer,DevOps engineer automating infrastructure,"Khobar, Saudi Arabia",https://www.linkedin.com/in/aisha-smith-222,https://example.com/profiles/aisha_smith_222.jpg,2025-09-15,Yes,Yes,SN000223,Deloitte,Oil & Energy,Senior,"MS Information Technology, MIT"
P00224,Amina,Rodriguez,Male,Technical Lead,Experienced IT professional specializing in cloud solutions,"Medina, Saudi Arabia",https://www.linkedin.com/in/amina-rodriguez-223,https://example.com/profiles/amina_rodriguez_223.jpg,2025-10-31,No,Yes,SN000224,IBM Saudi Arabia,Retail,VP,"MS Information Technology, MIT"
P00225,Zainab,Hassan,Female,IT Director,DevOps engineer automating infrastructure,"Karachi, Pakistan",https://www.linkedin.com/in/zainab-hassan-224,https://example.com/profiles/zainab_hassan_224.jpg,2025-07-27,No,No,SN000225,Microsoft Saudi Arabia,Software Development,Entry,
P00226,Emily,Brown,Unspecified,Solutions Architect,Software engineer with expertise in enterprise applications,"Jeddah, Saudi Arabia",https://www.linkedin.com/in/emily-brown-225,https://example.com/profiles/emily_brown_225.jpg,2025-06-16,No,No,SN000226,Aramco,Cloud Computing,Mid,"MBA, INSEAD"
P00227,Jennifer,Ali,Unspecified,Database Administrator,DevOps engineer automating infrastructure,"Lahore, Pakistan",https://www.linkedin.com/in/jennifer-ali-226,https://example.com/profiles/jennifer_ali_226.jpg,2025-08-01,No,No,SN000227,Enterprise Solutions,Oil & Energy,Director,"MS Information Technology, MIT"
P00228,Saeed,Al-Harbi,Male,Security Specialist,IT director managing technology teams,"Abu Dhabi, UAE",https://www.linkedin.com/in/saeed-al-harbi-227,https://example.com/profiles/saeed_al-harbi_227.jpg,2025-06-02,No,No,SN000228,SecureNet,Fintech,Principal,"BS Software Engineering, NUST"
P00229,John,Ahmed,Male,Project Manager,IT director managing technology teams,"Lahore, Pakistan",https://www.linkedin.com/in/john-ahmed-228,https://example.com/profiles/john_ahmed_228.jpg,2025-05-31,No,Yes,SN000229,SecureNet,Manufacturing,Senior,"MBA, INSEAD"
P00230,Omar,Al-Zahrani,Unspecified,Chief Technology Officer,IT director managing technology teams,"Dubai, UAE",https://www.linkedin.com/in/omar-al-zahrani-229,https://example.com/profiles/omar_al-zahrani_229.jpg,2025-07-11,No,No,SN000230,IBM Saudi Arabia,Oil & Energy,VP,"MS Data Science, Stanford"
P00231,James,Raza,Female,Database Administrator,DevOps engineer automating infrastructure,"Jeddah, Saudi Arabia",https://www.linkedin.com/in/james-raza-230,https://example.com/profiles/james_raza_230.jpg,2025-07-09,No,No,SN000231,Data Analytics Pro,Oil & Energy,Principal,"MBA, INSEAD"
P00232,Michelle,Al-Ghamdi,Female,IT Consultant,IT director managing technology teams,"Islamabad, Pakistan",https://www.linkedin.com/in/michelle-al-ghamdi-231,https://example.com/profiles/michelle_al-ghamdi_231.jpg,2025-09-12,Yes,Yes,SN000232,Digital Ventures,Manufacturing,C-Level,
P00233,Maryam,Al-Ghamdi,Unspecified,Chief Information Officer,Experienced IT professional specializing in cloud solutions,"Islamabad, Pakistan",https://www.linkedin.com/in/maryam-al-ghamdi-232,https://example.com/profiles/maryam_al-ghamdi_232.jpg,2025-10-20,No,No,SN000233,Ernst & Young,Healthcare IT,Mid,"MBA, INSEAD"
P00234,Lisa,Khan,Male,Senior Software Engineer,Software engineer with expertise in enterprise applications,"Dammam, Saudi Arabia",https://www.linkedin.com/in/lisa-khan-233,https://example.com/profiles/lisa_khan_233.jpg,2025-09-13,No,No,SN000234,Modern Tech,IT Services,VP,
P00235,Charles,Raza,Unspecified,Network Engineer,IT consultant helping businesses digital transformation,"Dammam, Saudi Arabia",https://www.linkedin.com/in/charles-raza-234,https://example.com/profiles/charles_raza_234.jpg,2025-07-03,No,No,SN000235,SABIC,Cybersecurity,Principal,
P00236,Michelle,Davis,Unspecified,Business Analyst,Data scientist passionate about analytics,"Lahore, Pakistan",https://www.linkedin.com/in/michelle-davis-235,https://example.com/profiles/michelle_davis_235.jpg,2025-10-04,Yes,No,SN000236,SABIC,Manufacturing,Senior,
P00237,Fahad,Al-Mansouri,Unspecified,Chief Technology Officer,DevOps engineer automating infrastructure,"Mecca, Saudi Arabia",https://www.linkedin.com/in/fahad-al-mansouri-236,https://example.com/profiles/fahad_al-mansouri_236.jpg,2025-08-16,Yes,No,SN000237,Al Rajhi Bank,Manufacturing,C-Level,"MBA, INSEAD"
P00238,Charles,Al-Zahrani,Male,Data Scientist,Software engineer with expertise in enterprise applications,"Jeddah, Saudi Arabia",https://www.linkedin.com/in/charles-al-zahrani-237,https://example.com/profiles/charles_al-zahrani_237.jpg,2025-10-04,No,No,SN000238,Aramco,IT Services,C-Level,"MS Information Technology, MIT"
P00239,Saeed,Williams,Male,Business Analyst,Cybersecurity expert protecting digital assets,"Karachi, Pakistan",https://www.linkedin.com/in/saeed-williams-238,https://example.com/profiles/saeed_williams_238.jpg,2025-10-17,Yes,No,SN000239,SABIC,Retail,Senior,"MS Information Technology, MIT"
P00240,Khalid,Jones,Male,Project Manager,IT director managing technology teams,"Dammam, Saudi Arabia",https://www.linkedin.com/in/khalid-jones-239,https://example.com/profiles/khalid_jones_239.jpg,2025-09-25,No,No,SN000240,Cloud Systems,Banking,Principal,"MS Data Science, Stanford"
P00241,Khalid,Martinez,Male,Senior Software Engineer,DevOps engineer automating infrastructure,"Abu Dhabi, UAE",https://www.linkedin.com/in/khalid-martinez-240,https://example.com/profiles/khalid_martinez_240.jpg,2025-05-30,No,No,SN000241,Data Analytics Pro,IT Services,Mid,"BS Software Engineering, NUST"
P00242,Emily,Al-Zahrani,Unspecified,Project Manager,IT consultant helping businesses digital transformation,"Abu Dhabi, UAE",https://www.linkedin.com/in/emily-al-zahrani-241,https://example.com/profiles/emily_al-zahrani_241.jpg,2025-05-11,No,No,SN000242,Al Rajhi Bank,Digital Transformation,Senior,"MBA, INSEAD"
P00243,Michael,Al-Rashid,Unspecified,DevOps Engineer,ERP implementation specialist,"Jeddah, Saudi Arabia",https://www.linkedin.com/in/michael-al-rashid-242,https://example.com/profiles/michael_al-rashid_242.jpg,2025-07-30,No,Yes,SN000243,TechCorp Solutions,ERP Solutions,VP,"MBA, INSEAD"
P00244,Khadija,Martinez,Male,Business Analyst,IT consultant helping businesses digital transformation,"Abu Dhabi, UAE",https://www.linkedin.com/in/khadija-martinez-243,https://example.com/profiles/khadija_martinez_243.jpg,2025-06-16,Yes,No,SN000244,PwC,Retail,VP,"MS Information Technology, MIT"
P00245,Noor,Hassan,Male,Engineering Manager,Software engineer with expertise in enterprise applications,"Dammam, Saudi Arabia",https://www.linkedin.com/in/noor-hassan-244,https://example.com/profiles/noor_hassan_244.jpg,2025-10-14,No,Yes,SN000245,TechCorp Solutions,Digital Transformation,VP,"MS Information Technology, MIT"
P00246,Thomas,Al-Mansouri,Female,Data Scientist,IT director managing technology teams,"Lahore, Pakistan",https://www.linkedin.com/in/thomas-al-mansouri-245,https://example.com/profiles/thomas_al-mansouri_245.jpg,2025-07-09,No,No,SN000246,Modern Tech,Data Analytics,Director,
P00247,James,Al-Mutairi,Male,Database Administrator,Data scientist passionate about analytics,"Riyadh, Saudi Arabia",https://www.linkedin.com/in/james-al-mutairi-246,https://example.com/profiles/james_al-mutairi_246.jpg,2025-05-14,No,No,SN000247,Digital Ventures,Telecommunications,Mid,
P00248,Sarah,Shah,Unspecified,IT Consultant,IT consultant helping businesses digital transformation,"Dubai, UAE",https://www.linkedin.com/in/sarah-shah-247,https://example.com/profiles/sarah_shah_247.jpg,2025-07-05,No,No,SN000248,SABIC,Healthcare IT,VP,"MS Data Science, Stanford"
P00249,Robert,Al-Saud,Unspecified,Project Manager,IT director managing technology teams,"Medina, Saudi Arabia",https://www.linkedin.com/in/robert-al-saud-248,https://example.com/profiles/robert_al-saud_248.jpg,2025-06-12,No,No,SN000249,Aramco,Banking,C-Level,"BS Software Engineering, NUST"
P00250,Ali,Al-Mutairi,Female,Technical Lead,IT director managing technology teams,"Jeddah, Saudi Arabia",https://www.linkedin.com/in/ali-al-mutairi-249,https://example.com/profiles/ali_al-mutairi_249.jpg,2025-05-25,No,Yes,SN000250,Accenture,Digital Transformation,VP,"BS Computer Science, King Saud University"
P00251,Robert,Jones,Female,Data Scientist,Cybersecurity expert protecting digital assets,"Dammam, Saudi Arabia",https://www.linkedin.com/in/robert-jones-250,https://example.com/profiles/robert_jones_250.jpg,2025-09-24,No,No,SN000251,Enterprise Solutions,Digital Transformation,Principal,"MBA, INSEAD"
P00252,Michelle,Al-Rashid,Female,Security Specialist,ERP implementation specialist,"Jeddah, Saudi Arabia",https://www.linkedin.com/in/michelle-al-rashid-251,https://example.com/profiles/michelle_al-rashid_251.jpg,2025-08-17,No,No,SN000252,TechCorp Solutions,Cloud Computing,Principal,"BS Software Engineering, NUST"
P00253,Saeed,Shah,Unspecified,Project Manager,Technology leader driving innovation,"Jeddah, Saudi Arabia",https://www.linkedin.com/in/saeed-shah-252,https://example.com/profiles/saeed_shah_252.jpg,2025-07-25,No,No,SN000253,Digital Ventures,Cybersecurity,Lead,"BS Computer Science, King Saud University"
P00254,Khalid,Ahmed,Male,DevOps Engineer,Experienced IT professional specializing in cloud solutions,"Karachi, Pakistan",https://www.linkedin.com/in/khalid-ahmed-253,https://example.com/profiles/khalid_ahmed_253.jpg,2025-06-22,No,No,SN000254,Microsoft Saudi Arabia,Banking,Entry,"BS Computer Science, King Saud University"
P00255,Amanda,Jones,Female,Product Manager,IT director managing technology teams,"Islamabad, Pakistan",https://www.linkedin.com/in/amanda-jones-254,https://example.com/profiles/amanda_jones_254.jpg,2025-10-10,No,No,SN000255,Digital Ventures,Data Analytics,Principal,"BS Software Engineering, NUST"
P00256,Noor,Martinez,Male,Technical Lead,ERP implementation specialist,"Riyadh, Saudi Arabia",https://www.linkedin.com/in/noor-martinez-255,https://example.com/profiles/noor_martinez_255.jpg,2025-09-15,Yes,No,SN000256,Data Analytics Pro,Software Development,Director,"MBA, INSEAD"
P00257,Fahad,Johnson,Female,DevOps Engineer,ERP implementation specialist,"Riyadh, Saudi Arabia",https://www.linkedin.com/in/fahad-johnson-256,https://example.com/profiles/fahad_johnson_256.jpg,2025-07-28,No,No,SN000257,PwC,Cybersecurity,Director,"BS Computer Science, King Saud University"
P00258,Charles,Davis,Male,Project Manager,ERP implementation specialist,"Karachi, Pakistan",https://www.linkedin.com/in/charles-davis-257,https://example.com/profiles/charles_davis_257.jpg,2025-10-04,No,No,SN000258,Deloitte,Oil & Energy,Principal,"BS Software Engineering, NUST"
P00259,Noor,Williams,Female,Cloud Architect,Experienced IT professional specializing in cloud solutions,"Khobar, Saudi Arabia",https://www.linkedin.com/in/noor-williams-258,https://example.com/profiles/noor_williams_258.jpg,2025-05-18,No,No,SN000259,NCB Bank,Data Analytics,Mid,"MBA, INSEAD"
P00260,Linda,Al-Rashid,Female,Network Engineer,ERP implementation specialist,"Jeddah, Saudi Arabia",https://www.linkedin.com/in/linda-al-rashid-259,https://example.com/profiles/linda_al-rashid_259.jpg,2025-08-20,Yes,Yes,SN000260,IT Innovations,Fintech,VP,"BS Computer Science, King Saud University"
P00261,Charles,Davis,Male,Cloud Architect,ERP implementation specialist,"Jeddah, Saudi Arabia",https://www.linkedin.com/in/charles-davis-260,https://example.com/profiles/charles_davis_260.jpg,2025-06-30,Yes,No,SN000261,Cloud Systems,Healthcare IT,Director,"MS Data Science, Stanford"
P00262,Amanda,Jones,Male,Chief Technology Officer,IT consultant helping businesses digital transformation,"Lahore, Pakistan",https://www.linkedin.com/in/amanda-jones-261,https://example.com/profiles/amanda_jones_261.jpg,2025-06-22,Yes,No,SN000262,Microsoft Saudi Arabia,Digital Transformation,VP,"MBA, INSEAD"
P00263,Layla,Hassan,Female,IT Director,Cybersecurity expert protecting digital assets,"Karachi, Pakistan",https://www.linkedin.com/in/layla-hassan-262,https://example.com/profiles/layla_hassan_262.jpg,2025-09-11,No,Yes,SN000263,IBM Saudi Arabia,E-commerce,Director,"MBA, INSEAD"
P00264,Emily,Rodriguez,Female,IT Director,Software engineer with expertise in enterprise applications,"Medina, Saudi Arabia",https://www.linkedin.com/in/emily-rodriguez-263,https://example.com/profiles/emily_rodriguez_263.jpg,2025-10-07,No,No,SN000264,Cloud Systems,Fintech,C-Level,
P00265,Ibrahim,Malik,Male,Systems Administrator,Technology leader driving innovation,"Dubai, UAE",https://www.linkedin.com/in/ibrahim-malik-264,https://example.com/profiles/ibrahim_malik_264.jpg,2025-09-28,No,Yes,SN000265,Enterprise Solutions,E-commerce,VP,"BS Computer Science, King Saud University"
P00266,Aisha,Martinez,Female,IT Consultant,ERP implementation specialist,"Medina, Saudi Arabia",https://www.linkedin.com/in/aisha-martinez-265,https://example.com/profiles/aisha_martinez_265.jpg,2025-10-04,No,No,SN000266,Enterprise Solutions,Cloud Computing,Lead,"BS Software Engineering, NUST"
P00267,Joseph,Shah,Female,Chief Technology Officer,IT director managing technology teams,"Khobar, Saudi Arabia",https://www.linkedin.com/in/joseph-shah-266,https://example.com/profiles/joseph_shah_266.jpg,2025-07-16,No,No,SN000267,Deloitte,E-commerce,Principal,"MS Data Science, Stanford"
P00268,Ali,Sheikh,Female,Cloud Architect,IT consultant helping businesses digital transformation,"Mecca, Saudi Arabia",https://www.linkedin.com/in/ali-sheikh-267,https://example.com/profiles/ali_sheikh_267.jpg,2025-09-17,No,No,SN000268,Enterprise Solutions,Banking,Mid,
P00269,Robert,Malik,Female,Systems Administrator,IT consultant helping businesses digital transformation,"Karachi, Pakistan",https://www.linkedin.com/in/robert-malik-268,https://example.com/profiles/robert_malik_268.jpg,2025-09-14,No,Yes,SN000269,TechCorp Solutions,Telecommunications,Senior,"MS Data Science, Stanford"
P00270,Richard,Johnson,Male,Business Analyst,Experienced IT professional specializing in cloud solutions,"Jeddah, Saudi Arabia",https://www.linkedin.com/in/richard-johnson-269,https://example.com/profiles/richard_johnson_269.jpg,2025-10-10,No,No,SN000270,NCB Bank,E-commerce,VP,"MBA, INSEAD"
P00271,Richard,Al-Mutairi,Female,Engineering Manager,IT director managing technology teams,"Lahore, Pakistan",https://www.linkedin.com/in/richard-al-mutairi-270,https://example.com/profiles/richard_al-mutairi_270.jpg,2025-08-02,No,No,SN000271,NCB Bank,Cloud Computing,Entry,"BS Computer Science, King Saud University"
P00272,Jessica,Jones,Female,Network Engineer,Software engineer with expertise in enterprise applications,"Lahore, Pakistan",https://www.linkedin.com/in/jessica-jones-271,https://example.com/profiles/jessica_jones_271.jpg,2025-07-16,No,No,SN000272,Deloitte,Software Development,Senior,
P00273,Joseph,Miller,Male,Technical Lead,Cybersecurity expert protecting digital assets,"Jeddah, Saudi Arabia",https://www.linkedin.com/in/joseph-miller-272,https://example.com/profiles/joseph_miller_272.jpg,2025-05-20,Yes,No,SN000273,Cloud Systems,Cloud Computing,Principal,
P00274,Saeed,Smith,Female,Network Engineer,Experienced IT professional specializing in cloud solutions,"Mecca, Saudi Arabia",https://www.linkedin.com/in/saeed-smith-273,https://example.com/profiles/saeed_smith_273.jpg,2025-09-05,No,No,SN000274,SecureNet,Digital Transformation,C-Level,"MBA, INSEAD"
P00275,Jennifer,Al-Otaibi,Unspecified,Chief Technology Officer,Cybersecurity expert protecting digital assets,"Mecca, Saudi Arabia",https://www.linkedin.com/in/jennifer-al-otaibi-274,https://example.com/profiles/jennifer_al-otaibi_274.jpg,2025-06-30,No,No,SN000275,Deloitte,ERP Solutions,Lead,"BS Computer Science, King Saud University"
P00276,Michael,Ahmed,Male,Security Specialist,Full-stack developer building scalable applications,"Islamabad, Pakistan",https://www.linkedin.com/in/michael-ahmed-275,https://example.com/profiles/michael_ahmed_275.jpg,2025-10-18,No,No,SN000276,Data Analytics Pro,IT Services,Lead,"MBA, INSEAD"
P00277,Khalid,Williams,Male,Senior Software Engineer,Technology leader driving innovation,"Jeddah, Saudi Arabia",https://www.linkedin.com/in/khalid-williams-276,https://example.com/profiles/khalid_williams_276.jpg,2025-10-17,No,No,SN000277,Accenture,ERP Solutions,Mid,"MS Data Science, Stanford"
P00278,James,Al-Harbi,Unspecified,Database Administrator,DevOps engineer automating infrastructure,"Abu Dhabi, UAE",https://www.linkedin.com/in/james-al-harbi-277,https://example.com/profiles/james_al-harbi_277.jpg,2025-05-31,No,Yes,SN000278,Deloitte,Data Analytics,Director,"MS Information Technology, MIT"
P00279,Charles,Ahmed,Female,Chief Information Officer,Software engineer with expertise in enterprise applications,"Abu Dhabi, UAE",https://www.linkedin.com/in/charles-ahmed-278,https://example.com/profiles/charles_ahmed_278.jpg,2025-06-21,No,No,SN000279,SecureNet,ERP Solutions,Entry,"BS Computer Science, King Saud University"
P00280,Hafsa,Al-Mansouri,Unspecified,Data Scientist,Full-stack developer building scalable applications,"Jeddah, Saudi Arabia",https://www.linkedin.com/in/hafsa-al-mansouri-279,https://example.com/profiles/hafsa_al-mansouri_279.jpg,2025-10-01,No,No,SN000280,NCB Bank,Data Analytics,Senior,"MS Data Science, Stanford"
P00281,Khalid,Raza,Unspecified,Database Administrator,Cybersecurity expert protecting digital assets,"Abu Dhabi, UAE",https://www.linkedin.com/in/khalid-raza-280,https://example.com/profiles/khalid_raza_280.jpg,2025-06-06,Yes,No,SN000281,Saudi Telecom Company,Cybersecurity,Principal,"MBA, INSEAD"
P00282,Fatima,Raza,Female,Database Administrator,DevOps engineer automating infrastructure,"Mecca, Saudi Arabia",https://www.linkedin.com/in/fatima-raza-281,https://example.com/profiles/fatima_raza_281.jpg,2025-10-11,No,No,SN000282,Enterprise Solutions,Digital Transformation,Principal,"MBA, INSEAD"
P00283,Usman,Malik,Female,Systems Administrator,Software engineer with expertise in enterprise applications,"Karachi, Pakistan",https://www.linkedin.com/in/usman-malik-282,https://example.com/profiles/usman_malik_282.jpg,2025-05-17,No,No,SN000283,Modern Tech,Software Development,Mid,"BS Computer Science, King Saud University"
P00284,William,Martinez,Female,Security Specialist,DevOps engineer automating infrastructure,"Lahore, Pakistan",https://www.linkedin.com/in/william-martinez-283,https://example.com/profiles/william_martinez_283.jpg,2025-05-13,Yes,No,SN000284,Microsoft Saudi Arabia,IT Services,Principal,"BS Software Engineering, NUST"
P00285,Amanda,Al-Mansouri,Male,Engineering Manager,DevOps engineer automating infrastructure,"Islamabad, Pakistan",https://www.linkedin.com/in/amanda-al-mansouri-284,https://example.com/profiles/amanda_al-mansouri_284.jpg,2025-06-27,No,No,SN000285,Enterprise Solutions,Data Analytics,Entry,"MBA, INSEAD"
P00286,Noor,Al-Mansouri,Unspecified,Solutions Architect,ERP implementation specialist,"Abu Dhabi, UAE",https://www.linkedin.com/in/noor-al-mansouri-285,https://example.com/profiles/noor_al-mansouri_285.jpg,2025-05-10,No,No,SN000286,PwC,Digital Transformation,Lead,
P00287,Jessica,Khan,Female,Security Specialist,Experienced IT professional specializing in cloud solutions,"Dubai, UAE",https://www.linkedin.com/in/jessica-khan-286,https://example.com/profiles/jessica_khan_286.jpg,2025-08-24,No,No,SN000287,Modern Tech,Banking,VP,"BS Computer Science, King Saud University"
P00288,Fahad,Al-Mutairi,Male,Software Developer,Software engineer with expertise in enterprise applications,"Lahore, Pakistan",https://www.linkedin.com/in/fahad-al-mutairi-287,https://example.com/profiles/fahad_al-mutairi_287.jpg,2025-05-11,No,Yes,SN000288,PwC,Software Development,Lead,"BS Software Engineering, NUST"
P00289,Emily,Al-Harbi,Male,Senior Software Engineer,IT consultant helping businesses digital transformation,"Lahore, Pakistan",https://www.linkedin.com/in/emily-al-harbi-288,https://example.com/profiles/emily_al-harbi_288.jpg,2025-11-04,No,No,SN000289,Ernst & Young,Telecommunications,Entry,"MS Data Science, Stanford"
P00290,Amanda,Sheikh,Unspecified,Database Administrator,Technology leader driving innovation,"Mecca, Saudi Arabia",https://www.linkedin.com/in/amanda-sheikh-289,https://example.com/profiles/amanda_sheikh_289.jpg,2025-06-02,No,No,SN000290,PwC,Healthcare IT,C-Level,
P00291,Emily,Garcia,Male,IT Consultant,IT consultant helping businesses digital transformation,"Abu Dhabi, UAE",https://www.linkedin.com/in/emily-garcia-290,https://example.com/profiles/emily_garcia_290.jpg,2025-11-01,No,No,SN000291,Data Analytics Pro,Data Analytics,Entry,"MS Data Science, Stanford"
P00292,Saeed,Al-Harbi,Female,Software Developer,IT consultant helping businesses digital transformation,"Dammam, Saudi Arabia",https://www.linkedin.com/in/saeed-al-harbi-291,https://example.com/profiles/saeed_al-harbi_291.jpg,2025-07-23,No,No,SN000292,Data Analytics Pro,Cybersecurity,C-Level,"BS Computer Science, King Saud University"
P00293,Richard,Al-Saud,Male,Product Manager,Full-stack developer building scalable applications,"Riyadh, Saudi Arabia",https://www.linkedin.com/in/richard-al-saud-292,https://example.com/profiles/richard_al-saud_292.jpg,2025-07-12,No,No,SN000293,NCB Bank,Fintech,Senior,"MBA, INSEAD"
P00294,Fahad,Al-Zahrani,Male,Senior Software Engineer,Experienced IT professional specializing in cloud solutions,"Jeddah, Saudi Arabia",https://www.linkedin.com/in/fahad-al-zahrani-293,https://example.com/profiles/fahad_al-zahrani_293.jpg,2025-09-27,Yes,Yes,SN000294,IT Innovations,Retail,C-Level,"BS Software Engineering, NUST"
P00295,Noor,Sheikh,Male,Product Manager,IT director managing technology teams,"Dammam, Saudi Arabia",https://www.linkedin.com/in/noor-sheikh-294,https://example.com/profiles/noor_sheikh_294.jpg,2025-08-14,Yes,No,SN000295,Deloitte,Digital Transformation,Senior,"MBA, INSEAD"
P00296,Michael,Iqbal,Female,Network Engineer,Data scientist passionate about analytics,"Abu Dhabi, UAE",https://www.linkedin.com/in/michael-iqbal-295,https://example.com/profiles/michael_iqbal_295.jpg,2025-08-09,Yes,No,SN000296,SABIC,Cloud Computing,Principal,"BS Computer Science, King Saud University"
P00297,Sara,Iqbal,Unspecified,Technical Lead,Full-stack developer building scalable applications,"Karachi, Pakistan",https://www.linkedin.com/in/sara-iqbal-296,https://example.com/profiles/sara_iqbal_296.jpg,2025-08-15,No,No,SN000297,KPMG,Telecommunications,Lead,"BS Computer Science, King Saud University"
P00298,Saeed,Williams,Unspecified,Network Engineer,Technology leader driving innovation,"Dubai, UAE",https://www.linkedin.com/in/saeed-williams-297,https://example.com/profiles/saeed_williams_297.jpg,2025-10-21,No,No,SN000298,SABIC,Healthcare IT,C-Level,"MS Data Science, Stanford"
P00299,Aisha,Davis,Male,Product Manager,Full-stack developer building scalable applications,"Medina, Saudi Arabia",https://www.linkedin.com/in/aisha-davis-298,https://example.com/profiles/aisha_davis_298.jpg,2025-05-29,No,No,SN000299,TechCorp Solutions,Data Analytics,Lead,
P00300,Michelle,Butt,Male,Security Specialist,DevOps engineer automating infrastructure,"Medina, Saudi Arabia",https://www.linkedin.com/in/michelle-butt-299,https://example.com/profiles/michelle_butt_299.jpg,2025-06-15,No,No,SN000300,Al Rajhi Bank,E-commerce,Lead,"BS Computer Science, King Saud University"
P00301,Usman,Al-Zahrani,Unspecified,Systems Administrator,DevOps engineer automating infrastructure,"Islamabad, Pakistan",https://www.linkedin.com/in/usman-al-zahrani-300,https://example.com/profiles/usman_al-zahrani_300.jpg,2025-06-12,No,No,SN000301,Accenture,Manufacturing,Entry,
P00302,Amina,Hassan,Unspecified,Product Manager,Data scientist passionate about analytics,"Abu Dhabi, UAE",https://www.linkedin.com/in/amina-hassan-301,https://example.com/profiles/amina_hassan_301.jpg,2025-06-13,No,No,SN000302,KPMG,Healthcare IT,Mid,
P00303,Sara,Johnson,Unspecified,Solutions Architect,Software engineer with expertise in enterprise applications,"Dammam, Saudi Arabia",https://www.linkedin.com/in/sara-johnson-302,https://example.com/profiles/sara_johnson_302.jpg,2025-10-26,No,No,SN000303,Ernst & Young,Digital Transformation,Principal,"MS Data Science, Stanford"
P00304,Layla,Ahmed,Unspecified,Software Developer,DevOps engineer automating infrastructure,"Dubai, UAE",https://www.linkedin.com/in/layla-ahmed-303,https://example.com/profiles/layla_ahmed_303.jpg,2025-08-07,No,No,SN000304,Al Rajhi Bank,Oil & Energy,Entry,"MS Information Technology, MIT"
P00305,Lisa,Rodriguez,Unspecified,IT Director,IT director managing technology teams,"Dammam, Saudi Arabia",https://www.linkedin.com/in/lisa-rodriguez-304,https://example.com/profiles/lisa_rodriguez_304.jpg,2025-06-29,No,No,SN000305,SABIC,Oil & Energy,Mid,"MBA, INSEAD"
P00306,Layla,Hussain,Unspecified,Engineering Manager,Data scientist passionate about analytics,"Jeddah, Saudi Arabia",https://www.linkedin.com/in/layla-hussain-305,https://example.com/profiles/layla_hussain_305.jpg,2025-09-01,No,No,SN000306,IT Innovations,Software Development,Principal,
P00307,Barbara,Al-Mutairi,Unspecified,Systems Administrator,Software engineer with expertise in enterprise applications,"Karachi, Pakistan",https://www.linkedin.com/in/barbara-al-mutairi-306,https://example.com/profiles/barbara_al-mutairi_306.jpg,2025-10-15,No,No,SN000307,Enterprise Solutions,Cybersecurity,C-Level,"MS Data Science, Stanford"
P00308,Charles,Williams,Female,Business Analyst,IT director managing technology teams,"Karachi, Pakistan",https://www.linkedin.com/in/charles-williams-307,https://example.com/profiles/charles_williams_307.jpg,2025-08-02,No,No,SN000308,Aramco,E-commerce,Entry,"MS Information Technology, MIT"
P00309,Khadija,Al-Mutairi,Female,Product Manager,Data scientist passionate about analytics,"Karachi, Pakistan",https://www.linkedin.com/in/khadija-al-mutairi-308,https://example.com/profiles/khadija_al-mutairi_308.jpg,2025-06-04,No,No,SN000309,Accenture,Fintech,Principal,"MS Data Science, Stanford"
P00310,Richard,Hussain,Female,Technical Lead,Full-stack developer building scalable applications,"Dubai, UAE",https://www.linkedin.com/in/richard-hussain-309,https://example.com/profiles/richard_hussain_309.jpg,2025-09-04,No,No,SN000310,Modern Tech,Retail,C-Level,"MS Information Technology, MIT"
P00311,Maryam,Rodriguez,Female,IT Director,DevOps engineer automating infrastructure,"Islamabad, Pakistan",https://www.linkedin.com/in/maryam-rodriguez-310,https://example.com/profiles/maryam_rodriguez_310.jpg,2025-09-22,No,No,SN000311,Deloitte,ERP Solutions,C-Level,
P00312,Hafsa,Al-Harbi,Male,Database Administrator,Cybersecurity expert protecting digital assets,"Lahore, Pakistan",https://www.linkedin.com/in/hafsa-al-harbi-311,https://example.com/profiles/hafsa_al-harbi_311.jpg,2025-06-06,No,No,SN000312,Saudi Telecom Company,ERP Solutions,Entry,"BS Software Engineering, NUST"
P00313,Amanda,Al-Zahrani,Female,Business Analyst,Experienced IT professional specializing in cloud solutions,"Karachi, Pakistan",https://www.linkedin.com/in/amanda-al-zahrani-312,https://example.com/profiles/amanda_al-zahrani_312.jpg,2025-10-15,No,No,SN000313,PwC,Telecommunications,VP,
P00314,Charles,Jones,Female,Software Developer,Cybersecurity expert protecting digital assets,"Mecca, Saudi Arabia",https://www.linkedin.com/in/charles-jones-313,https://example.com/profiles/charles_jones_313.jpg,2025-10-19,Yes,No,SN000314,KPMG,Cybersecurity,Lead,"MBA, INSEAD"
P00315,Patricia,Al-Saud,Female,Software Developer,Full-stack developer building scalable applications,"Mecca, Saudi Arabia",https://www.linkedin.com/in/patricia-al-saud-314,https://example.com/profiles/patricia_al-saud_314.jpg,2025-10-24,Yes,No,SN000315,NCB Bank,IT Services,VP,"MS Data Science, Stanford"
P00316,Ahmed,Malik,Unspecified,Business Analyst,Cybersecurity expert protecting digital assets,"Mecca, Saudi Arabia",https://www.linkedin.com/in/ahmed-malik-315,https://example.com/profiles/ahmed_malik_315.jpg,2025-10-17,No,No,SN000316,Accenture,Software Development,C-Level,
P00317,Saeed,Martinez,Male,Network Engineer,Full-stack developer building scalable applications,"Lahore, Pakistan",https://www.linkedin.com/in/saeed-martinez-316,https://example.com/profiles/saeed_martinez_316.jpg,2025-05-11,No,No,SN000317,SecureNet,Telecommunications,VP,"BS Software Engineering, NUST"
P00318,Linda,Al-Mansouri,Male,Project Manager,IT consultant helping businesses digital transformation,"Jeddah, Saudi Arabia",https://www.linkedin.com/in/linda-al-mansouri-317,https://example.com/profiles/linda_al-mansouri_317.jpg,2025-09-20,No,No,SN000318,NCB Bank,Oil & Energy,Senior,"MS Data Science, Stanford"
P00319,James,Hussain,Female,Business Analyst,Experienced IT professional specializing in cloud solutions,"Lahore, Pakistan",https://www.linkedin.com/in/james-hussain-318,https://example.com/profiles/james_hussain_318.jpg,2025-09-08,No,Yes,SN000319,Modern Tech,Telecommunications,Mid,"BS Computer Science, King Saud University"
P00320,Joseph,Ali,Male,DevOps Engineer,Full-stack developer building scalable applications,"Karachi, Pakistan",https://www.linkedin.com/in/joseph-ali-319,https://example.com/profiles/joseph_ali_319.jpg,2025-08-29,No,No,SN000320,Modern Tech,Healthcare IT,Principal,
P00321,Ibrahim,Hassan,Male,Engineering Manager,DevOps engineer automating infrastructure,"Dubai, UAE",https://www.linkedin.com/in/ibrahim-hassan-320,https://example.com/profiles/ibrahim_hassan_320.jpg,2025-06-20,Yes,No,SN000321,Cloud Systems,Banking,C-Level,"MS Data Science, Stanford"
P00322,Ahmed,Raza,Female,Product Manager,Experienced IT professional specializing in cloud solutions,"Jeddah, Saudi Arabia",https://www.linkedin.com/in/ahmed-raza-321,https://example.com/profiles/ahmed_raza_321.jpg,2025-06-15,No,No,SN000322,IT Innovations,Telecommunications,Entry,"BS Computer Science, King Saud University"
P00323,Ali,Al-Zahrani,Unspecified,Cloud Architect,IT director managing technology teams,"Dammam, Saudi Arabia",https://www.linkedin.com/in/ali-al-zahrani-322,https://example.com/profiles/ali_al-zahrani_322.jpg,2025-10-03,No,No,SN000323,PwC,Retail,Lead,"MS Data Science, Stanford"
P00324,Hafsa,Jones,Unspecified,Network Engineer,DevOps engineer automating infrastructure,"Khobar, Saudi Arabia",https://www.linkedin.com/in/hafsa-jones-323,https://example.com/profiles/hafsa_jones_323.jpg,2025-05-11,No,No,SN000324,Modern Tech,Banking,VP,"BS Computer Science, King Saud University"
P00325,Noor,Ali,Unspecified,Business Analyst,Experienced IT professional specializing in cloud solutions,"Mecca, Saudi Arabia",https://www.linkedin.com/in/noor-ali-324,https://example.com/profiles/noor_ali_324.jpg,2025-09-18,No,No,SN000325,PwC,Cloud Computing,Principal,"MS Data Science, Stanford"
P00326,Fatima,Brown,Female,Security Specialist,Full-stack developer building scalable applications,"Karachi, Pakistan",https://www.linkedin.com/in/fatima-brown-325,https://example.com/profiles/fatima_brown_325.jpg,2025-06-30,No,Yes,SN000326,Cloud Systems,Manufacturing,Director,"BS Computer Science, King Saud University"
P00327,Michelle,Butt,Unspecified,Engineering Manager,Software engineer with expertise in enterprise applications,"Karachi, Pakistan",https://www.linkedin.com/in/michelle-butt-326,https://example.com/profiles/michelle_butt_326.jpg,2025-05-30,No,No,SN000327,IT Innovations,Oil & Energy,Senior,
P00328,Lisa,Hassan,Male,Senior Software Engineer,IT director managing technology teams,"Jeddah, Saudi Arabia",https://www.linkedin.com/in/lisa-hassan-327,https://example.com/profiles/lisa_hassan_327.jpg,2025-06-14,No,No,SN000328,NCB Bank,IT Services,Principal,
P00329,Omar,Butt,Male,DevOps Engineer,Cybersecurity expert protecting digital assets,"Karachi, Pakistan",https://www.linkedin.com/in/omar-butt-328,https://example.com/profiles/omar_butt_328.jpg,2025-06-12,No,No,SN000329,IT Innovations,Retail,VP,"MS Data Science, Stanford"
P00330,Jessica,Smith,Male,Chief Technology Officer,Cybersecurity expert protecting digital assets,"Khobar, Saudi Arabia",https://www.linkedin.com/in/jessica-smith-329,https://example.com/profiles/jessica_smith_329.jpg,2025-06-06,No,No,SN000330,Accenture,Manufacturing,Senior,
P00331,Layla,Al-Ghamdi,Female,Chief Technology Officer,Full-stack developer building scalable applications,"Riyadh, Saudi Arabia",https://www.linkedin.com/in/layla-al-ghamdi-330,https://example.com/profiles/layla_al-ghamdi_330.jpg,2025-07-21,No,No,SN000331,STC Solutions,Cybersecurity,VP,"BS Software Engineering, NUST"
P00332,Maryam,Rodriguez,Female,Database Administrator,Technology leader driving innovation,"Medina, Saudi Arabia",https://www.linkedin.com/in/maryam-rodriguez-331,https://example.com/profiles/maryam_rodriguez_331.jpg,2025-08-21,No,No,SN000332,Oracle Saudi Arabia,Telecommunications,Lead,"MS Data Science, Stanford"
P00333,Robert,Sheikh,Unspecified,IT Director,DevOps engineer automating infrastructure,"Jeddah, Saudi Arabia",https://www.linkedin.com/in/robert-sheikh-332,https://example.com/profiles/robert_sheikh_332.jpg,2025-11-02,No,No,SN000333,SABIC,Telecommunications,VP,"BS Software Engineering, NUST"
P00334,Richard,Al-Zahrani,Male,IT Consultant,Cybersecurity expert protecting digital assets,"Jeddah, Saudi Arabia",https://www.linkedin.com/in/richard-al-zahrani-333,https://example.com/profiles/richard_al-zahrani_333.jpg,2025-11-02,No,No,SN000334,Enterprise Solutions,Retail,VP,
P00335,Sara,Ali,Male,Technical Lead,Software engineer with expertise in enterprise applications,"Jeddah, Saudi Arabia",https://www.linkedin.com/in/sara-ali-334,https://example.com/profiles/sara_ali_334.jpg,2025-06-12,No,No,SN000335,Deloitte,Cybersecurity,C-Level,
P00336,Omar,Iqbal,Male,Senior Software Engineer,IT director managing technology teams,"Mecca, Saudi Arabia",https://www.linkedin.com/in/omar-iqbal-335,https://example.com/profiles/omar_iqbal_335.jpg,2025-09-14,No,No,SN000336,IBM Saudi Arabia,Cloud Computing,Principal,
P00337,Barbara,Shah,Male,Software Developer,ERP implementation specialist,"Mecca, Saudi Arabia",https://www.linkedin.com/in/barbara-shah-336,https://example.com/profiles/barbara_shah_336.jpg,2025-10-25,No,No,SN000337,NCB Bank,Telecommunications,Principal,
P00338,Michelle,Khan,Male,Security Specialist,Software engineer with expertise in enterprise applications,"Khobar, Saudi Arabia",https://www.linkedin.com/in/michelle-khan-337,https://example.com/profiles/michelle_khan_337.jpg,2025-05-10,No,No,SN000338,IT Innovations,Healthcare IT,Senior,"MS Information Technology, MIT"
P00339,Noor,Martinez,Male,Network Engineer,IT consultant helping businesses digital transformation,"Riyadh, Saudi Arabia",https://www.linkedin.com/in/noor-martinez-338,https://example.com/profiles/noor_martinez_338.jpg,2025-10-11,No,Yes,SN000339,KPMG,ERP Solutions,Director,
P00340,Layla,Hassan,Female,Security Specialist,Cybersecurity expert protecting digital assets,"Karachi, Pakistan",https://www.linkedin.com/in/layla-hassan-339,https://example.com/profiles/layla_hassan_339.jpg,2025-05-08,No,No,SN000340,Saudi Telecom Company,Fintech,Senior,
P00341,Ali,Raza,Male,IT Director,Data scientist passionate about analytics,"Jeddah, Saudi Arabia",https://www.linkedin.com/in/ali-raza-340,https://example.com/profiles/ali_raza_340.jpg,2025-07-31,No,Yes,SN000341,TechCorp Solutions,Banking,Entry,
P00342,Charles,Ahmed,Female,Chief Information Officer,Full-stack developer building scalable applications,"Mecca, Saudi Arabia",https://www.linkedin.com/in/charles-ahmed-341,https://example.com/profiles/charles_ahmed_341.jpg,2025-08-17,No,Yes,SN000342,Al Rajhi Bank,Digital Transformation,Senior,"MS Information Technology, MIT"
P00343,Emily,Al-Ghamdi,Male,DevOps Engineer,Experienced IT professional specializing in cloud solutions,"Abu Dhabi, UAE",https://www.linkedin.com/in/emily-al-ghamdi-342,https://example.com/profiles/emily_al-ghamdi_342.jpg,2025-07-15,No,No,SN000343,Microsoft Saudi Arabia,Manufacturing,VP,"MS Information Technology, MIT"
P00344,Hafsa,Al-Ghamdi,Unspecified,Chief Technology Officer,Experienced IT professional specializing in cloud solutions,"Riyadh, Saudi Arabia",https://www.linkedin.com/in/hafsa-al-ghamdi-343,https://example.com/profiles/hafsa_al-ghamdi_343.jpg,2025-10-02,No,No,SN000344,PwC,Cybersecurity,VP,"MBA, INSEAD"
P00345,Richard,Brown,Male,Project Manager,Technology leader driving innovation,"Khobar, Saudi Arabia",https://www.linkedin.com/in/richard-brown-344,https://example.com/profiles/richard_brown_344.jpg,2025-06-27,No,Yes,SN000345,IT Innovations,Cybersecurity,Director,"BS Software Engineering, NUST"
P00346,Zainab,Hussain,Unspecified,Business Analyst,IT consultant helping businesses digital transformation,"Dammam, Saudi Arabia",https://www.linkedin.com/in/zainab-hussain-345,https://example.com/profiles/zainab_hussain_345.jpg,2025-07-29,Yes,No,SN000346,Saudi Telecom Company,Oil & Energy,Lead,"MS Data Science, Stanford"
P00347,Richard,Williams,Unspecified,Project Manager,DevOps engineer automating infrastructure,"Riyadh, Saudi Arabia",https://www.linkedin.com/in/richard-williams-346,https://example.com/profiles/richard_williams_346.jpg,2025-10-27,No,No,SN000347,Ernst & Young,Cybersecurity,Director,
P00348,Michael,Shah,Female,Software Developer,Data scientist passionate about analytics,"Mecca, Saudi Arabia",https://www.linkedin.com/in/michael-shah-347,https://example.com/profiles/michael_shah_347.jpg,2025-07-24,No,No,SN000348,Digital Ventures,E-commerce,Entry,"MS Data Science, Stanford"
P00349,Richard,Al-Rashid,Unspecified,Database Administrator,ERP implementation specialist,"Abu Dhabi, UAE",https://www.linkedin.com/in/richard-al-rashid-348,https://example.com/profiles/richard_al-rashid_348.jpg,2025-07-20,No,No,SN000349,Aramco,Retail,Senior,"BS Software Engineering, NUST"
P00350,Omar,Sheikh,Unspecified,Product Manager,Full-stack developer building scalable applications,"Karachi, Pakistan",https://www.linkedin.com/in/omar-sheikh-349,https://example.com/profiles/omar_sheikh_349.jpg,2025-09-19,No,No,SN000350,SecureNet,IT Services,Director,"BS Software Engineering, NUST"
P00351,Amanda,Al-Ghamdi,Unspecified,Chief Technology Officer,Experienced IT professional specializing in cloud solutions,"Karachi, Pakistan",https://www.linkedin.com/in/amanda-al-ghamdi-350,https://example.com/profiles/amanda_al-ghamdi_350.jpg,2025-10-27,No,No,SN000351,IT Innovations,Healthcare IT,Senior,"MBA, INSEAD"
P00352,David,Johnson,Unspecified,Technical Lead,IT director managing technology teams,"Dubai, UAE",https://www.linkedin.com/in/david-johnson-351,https://example.com/profiles/david_johnson_351.jpg,2025-10-01,No,No,SN000352,IBM Saudi Arabia,E-commerce,Entry,"MS Data Science, Stanford"
P00353,Jennifer,Al-Mutairi,Male,IT Consultant,IT director managing technology teams,"Riyadh, Saudi Arabia",https://www.linkedin.com/in/jennifer-al-mutairi-352,https://example.com/profiles/jennifer_al-mutairi_352.jpg,2025-07-18,No,Yes,SN000353,IBM Saudi Arabia,Oil & Energy,Mid,"MS Information Technology, MIT"
P00354,Barbara,Iqbal,Unspecified,Chief Information Officer,Full-stack developer building scalable applications,"Karachi, Pakistan",https://www.linkedin.com/in/barbara-iqbal-353,https://example.com/profiles/barbara_iqbal_353.jpg,2025-06-26,No,No,SN000354,Enterprise Solutions,Fintech,Principal,"MBA, INSEAD"
P00355,Hafsa,Al-Harbi,Unspecified,Chief Information Officer,ERP implementation specialist,"Islamabad, Pakistan",https://www.linkedin.com/in/hafsa-al-harbi-354,https://example.com/profiles/hafsa_al-harbi_354.jpg,2025-08-14,No,No,SN000355,Deloitte,Banking,Lead,
P00356,Jessica,Al-Saud,Female,Data Scientist,Experienced IT professional specializing in cloud solutions,"Abu Dhabi, UAE",https://www.linkedin.com/in/jessica-al-saud-355,https://example.com/profiles/jessica_al-saud_355.jpg,2025-10-07,No,No,SN000356,SecureNet,E-commerce,Lead,"MS Information Technology, MIT"
P00357,Patricia,Al-Saud,Unspecified,Systems Administrator,Software engineer with expertise in enterprise applications,"Riyadh, Saudi Arabia",https://www.linkedin.com/in/patricia-al-saud-356,https://example.com/profiles/patricia_al-saud_356.jpg,2025-07-11,Yes,No,SN000357,SABIC,Manufacturing,Principal,"BS Computer Science, King Saud University"
P00358,Jennifer,Hussain,Male,Cloud Architect,Software engineer with expertise in enterprise applications,"Abu Dhabi, UAE",https://www.linkedin.com/in/jennifer-hussain-357,https://example.com/profiles/jennifer_hussain_357.jpg,2025-10-14,No,No,SN000358,Aramco,Cloud Computing,Senior,"BS Software Engineering, NUST"
P00359,Patricia,Martinez,Male,Security Specialist,Experienced IT professional specializing in cloud solutions,"Khobar, Saudi Arabia",https://www.linkedin.com/in/patricia-martinez-358,https://example.com/profiles/patricia_martinez_358.jpg,2025-05-13,No,Yes,SN000359,STC Solutions,Digital Transformation,Senior,
P00360,Hafsa,Al-Saud,Male,Systems Administrator,IT consultant helping businesses digital transformation,"Medina, Saudi Arabia",https://www.linkedin.com/in/hafsa-al-saud-359,https://example.com/profiles/hafsa_al-saud_359.jpg,2025-09-09,No,No,SN000360,Microsoft Saudi Arabia,ERP Solutions,Senior,
P00361,Saeed,Sheikh,Male,Technical Lead,IT director managing technology teams,"Lahore, Pakistan",https://www.linkedin.com/in/saeed-sheikh-360,https://example.com/profiles/saeed_sheikh_360.jpg,2025-09-16,Yes,No,SN000361,Data Analytics Pro,Oil & Energy,C-Level,"MS Information Technology, MIT"
P00362,Michael,Al-Mansouri,Female,Security Specialist,ERP implementation specialist,"Dubai, UAE",https://www.linkedin.com/in/michael-al-mansouri-361,https://example.com/profiles/michael_al-mansouri_361.jpg,2025-06-11,No,No,SN000362,Oracle Saudi Arabia,E-commerce,C-Level,"BS Computer Science, King Saud University"
P00363,Fatima,Raza,Unspecified,Project Manager,Full-stack developer building scalable applications,"Khobar, Saudi Arabia",https://www.linkedin.com/in/fatima-raza-362,https://example.com/profiles/fatima_raza_362.jpg,2025-06-04,No,Yes,SN000363,SecureNet,Healthcare IT,Director,"BS Computer Science, King Saud University"
P00364,Sara,Al-Zahrani,Unspecified,Engineering Manager,IT director managing technology teams,"Dammam, Saudi Arabia",https://www.linkedin.com/in/sara-al-zahrani-363,https://example.com/profiles/sara_al-zahrani_363.jpg,2025-10-24,No,No,SN000364,PwC,Retail,VP,"MS Data Science, Stanford"
P00365,Jessica,Davis,Unspecified,Chief Technology Officer,Data scientist passionate about analytics,"Jeddah, Saudi Arabia",https://www.linkedin.com/in/jessica-davis-364,https://example.com/profiles/jessica_davis_364.jpg,2025-05-30,No,No,SN000365,SABIC,Software Development,Senior,
P00366,Jessica,Al-Harbi,Female,Senior Software Engineer,Data scientist passionate about analytics,"Medina, Saudi Arabia",https://www.linkedin.com/in/jessica-al-harbi-365,https://example.com/profiles/jessica_al-harbi_365.jpg,2025-05-20,No,No,SN000366,Digital Ventures,ERP Solutions,Entry,"BS Software Engineering, NUST"
P00367,Lisa,Shah,Unspecified,IT Consultant,Experienced IT professional specializing in cloud solutions,"Mecca, Saudi Arabia",https://www.linkedin.com/in/lisa-shah-366,https://example.com/profiles/lisa_shah_366.jpg,2025-06-06,No,Yes,SN000367,Modern Tech,Telecommunications,Principal,"MS Information Technology, MIT"
P00368,Ahmed,Al-Rashid,Unspecified,Solutions Architect,Software engineer with expertise in enterprise applications,"Khobar, Saudi Arabia",https://www.linkedin.com/in/ahmed-al-rashid-367,https://example.com/profiles/ahmed_al-rashid_367.jpg,2025-08-09,No,No,SN000368,Microsoft Saudi Arabia,Manufacturing,VP,
P00369,Joseph,Al-Rashid,Unspecified,Network Engineer,IT consultant helping businesses digital transformation,"Dammam, Saudi Arabia",https://www.linkedin.com/in/joseph-al-rashid-368,https://example.com/profiles/joseph_al-rashid_368.jpg,2025-07-03,No,No,SN000369,IT Innovations,Telecommunications,C-Level,"MS Data Science, Stanford"
P00370,Zainab,Raza,Unspecified,Security Specialist,Cybersecurity expert protecting digital assets,"Dammam, Saudi Arabia",https://www.linkedin.com/in/zainab-raza-369,https://example.com/profiles/zainab_raza_369.jpg,2025-09-25,No,No,SN000370,SecureNet,Digital Transformation,VP,"BS Software Engineering, NUST"
P00371,Aisha,Shah,Unspecified,DevOps Engineer,IT director managing technology teams,"Jeddah, Saudi Arabia",https://www.linkedin.com/in/aisha-shah-370,https://example.com/profiles/aisha_shah_370.jpg,2025-09-29,No,No,SN000371,IT Innovations,Healthcare IT,Mid,
P00372,Thomas,Iqbal,Male,Engineering Manager,Cybersecurity expert protecting digital assets,"Dubai, UAE",https://www.linkedin.com/in/thomas-iqbal-371,https://example.com/profiles/thomas_iqbal_371.jpg,2025-10-11,Yes,No,SN000372,NCB Bank,Software Development,Mid,
P00373,Ahmed,Hussain,Unspecified,Business Analyst,Experienced IT professional specializing in cloud solutions,"Jeddah, Saudi Arabia",https://www.linkedin.com/in/ahmed-hussain-372,https://example.com/profiles/ahmed_hussain_372.jpg,2025-08-18,No,No,SN000373,Data Analytics Pro,E-commerce,Mid,"MS Information Technology, MIT"
P00374,Joseph,Khan,Male,IT Director,Cybersecurity expert protecting digital assets,"Karachi, Pakistan",https://www.linkedin.com/in/joseph-khan-373,https://example.com/profiles/joseph_khan_373.jpg,2025-06-16,No,No,SN000374,Microsoft Saudi Arabia,Banking,Entry,
P00375,Hafsa,Johnson,Female,Systems Administrator,Technology leader driving innovation,"Dammam, Saudi Arabia",https://www.linkedin.com/in/hafsa-johnson-374,https://example.com/profiles/hafsa_johnson_374.jpg,2025-06-15,No,Yes,SN000375,STC Solutions,Healthcare IT,Entry,"MS Data Science, Stanford"
P00376,Aisha,Jones,Unspecified,Product Manager,Cybersecurity expert protecting digital assets,"Abu Dhabi, UAE",https://www.linkedin.com/in/aisha-jones-375,https://example.com/profiles/aisha_jones_375.jpg,2025-08-27,No,No,SN000376,IT Innovations,Healthcare IT,Lead,"MS Information Technology, MIT"
P00377,Thomas,Raza,Unspecified,Technical Lead,DevOps engineer automating infrastructure,"Khobar, Saudi Arabia",https://www.linkedin.com/in/thomas-raza-376,https://example.com/profiles/thomas_raza_376.jpg,2025-07-13,No,No,SN000377,Ernst & Young,Healthcare IT,Lead,
P00378,Charles,Johnson,Unspecified,IT Director,Technology leader driving innovation,"Karachi, Pakistan",https://www.linkedin.com/in/charles-johnson-377,https://example.com/profiles/charles_johnson_377.jpg,2025-08-05,No,No,SN000378,SecureNet,Banking,Senior,
P00379,Hassan,Al-Rashid,Male,Cloud Architect,Experienced IT professional specializing in cloud solutions,"Lahore, Pakistan",https://www.linkedin.com/in/hassan-al-rashid-378,https://example.com/profiles/hassan_al-rashid_378.jpg,2025-08-16,No,Yes,SN000379,Saudi Telecom Company,Oil & Energy,Senior,"MS Information Technology, MIT"
P00380,Patricia,Ali,Female,Project Manager,Full-stack developer building scalable applications,"Jeddah, Saudi Arabia",https://www.linkedin.com/in/patricia-ali-379,https://example.com/profiles/patricia_ali_379.jpg,2025-07-10,No,No,SN000380,PwC,Banking,Senior,
P00381,Saeed,Garcia,Female,Solutions Architect,Software engineer with expertise in enterprise applications,"Jeddah, Saudi Arabia",https://www.linkedin.com/in/saeed-garcia-380,https://example.com/profiles/saeed_garcia_380.jpg,2025-09-06,No,No,SN000381,Accenture,ERP Solutions,C-Level,"BS Software Engineering, NUST"
P00382,William,Shah,Male,Software Developer,IT director managing technology teams,"Medina, Saudi Arabia",https://www.linkedin.com/in/william-shah-381,https://example.com/profiles/william_shah_381.jpg,2025-07-13,No,Yes,SN000382,Saudi Telecom Company,Healthcare IT,Mid,"BS Computer Science, King Saud University"
P00383,Maryam,Iqbal,Unspecified,Engineering Manager,DevOps engineer automating infrastructure,"Abu Dhabi, UAE",https://www.linkedin.com/in/maryam-iqbal-382,https://example.com/profiles/maryam_iqbal_382.jpg,2025-08-01,No,No,SN000383,STC Solutions,Digital Transformation,Mid,
P00384,Khalid,Ahmed,Unspecified,Chief Technology Officer,IT consultant helping businesses digital transformation,"Dubai, UAE",https://www.linkedin.com/in/khalid-ahmed-383,https://example.com/profiles/khalid_ahmed_383.jpg,2025-07-20,No,No,SN000384,KPMG,Cybersecurity,Director,
P00385,Usman,Khan,Unspecified,Network Engineer,IT consultant helping businesses digital transformation,"Jeddah, Saudi Arabia",https://www.linkedin.com/in/usman-khan-384,https://example.com/profiles/usman_khan_384.jpg,2025-06-02,No,No,SN000385,KPMG,Telecommunications,Principal,"MS Data Science, Stanford"
P00386,Omar,Al-Otaibi,Male,Systems Administrator,IT consultant helping businesses digital transformation,"Riyadh, Saudi Arabia",https://www.linkedin.com/in/omar-al-otaibi-385,https://example.com/profiles/omar_al-otaibi_385.jpg,2025-06-12,No,No,SN000386,Cloud Systems,Telecommunications,Entry,
P00387,Richard,Raza,Male,Solutions Architect,Software engineer with expertise in enterprise applications,"Dubai, UAE",https://www.linkedin.com/in/richard-raza-386,https://example.com/profiles/richard_raza_386.jpg,2025-08-11,No,No,SN000387,Data Analytics Pro,Banking,Director,
P00388,Emily,Iqbal,Female,Solutions Architect,Cybersecurity expert protecting digital assets,"Abu Dhabi, UAE",https://www.linkedin.com/in/emily-iqbal-387,https://example.com/profiles/emily_iqbal_387.jpg,2025-08-14,No,No,SN000388,Digital Ventures,E-commerce,Mid,"MBA, INSEAD"
P00389,Ibrahim,Rodriguez,Unspecified,Chief Information Officer,Experienced IT professional specializing in cloud solutions,"Abu Dhabi, UAE",https://www.linkedin.com/in/ibrahim-rodriguez-388,https://example.com/profiles/ibrahim_rodriguez_388.jpg,2025-10-10,No,Yes,SN000389,KPMG,Fintech,Mid,"BS Computer Science, King Saud University"
P00390,Muhammad,Al-Harbi,Male,Cloud Architect,ERP implementation specialist,"Lahore, Pakistan",https://www.linkedin.com/in/muhammad-al-harbi-389,https://example.com/profiles/muhammad_al-harbi_389.jpg,2025-06-12,No,Yes,SN000390,Data Analytics Pro,Banking,Senior,"MBA, INSEAD"
P00391,Sara,Raza,Male,Business Analyst,DevOps engineer automating infrastructure,"Jeddah, Saudi Arabia",https://www.linkedin.com/in/sara-raza-390,https://example.com/profiles/sara_raza_390.jpg,2025-06-18,No,No,SN000391,Enterprise Solutions,Oil & Energy,C-Level,"BS Software Engineering, NUST"
P00392,John,Al-Rashid,Male,Software Developer,ERP implementation specialist,"Islamabad, Pakistan",https://www.linkedin.com/in/john-al-rashid-391,https://example.com/profiles/john_al-rashid_391.jpg,2025-06-14,No,No,SN000392,TechCorp Solutions,Cybersecurity,Mid,"BS Computer Science, King Saud University"
P00393,James,Raza,Unspecified,Network Engineer,Software engineer with expertise in enterprise applications,"Karachi, Pakistan",https://www.linkedin.com/in/james-raza-392,https://example.com/profiles/james_raza_392.jpg,2025-08-05,No,Yes,SN000393,SABIC,Oil & Energy,C-Level,
P00394,Ali,Johnson,Male,Systems Administrator,Technology leader driving innovation,"Khobar, Saudi Arabia",https://www.linkedin.com/in/ali-johnson-393,https://example.com/profiles/ali_johnson_393.jpg,2025-09-03,No,No,SN000394,Ernst & Young,ERP Solutions,Mid,"MBA, INSEAD"
P00395,William,Davis,Female,Engineering Manager,Full-stack developer building scalable applications,"Karachi, Pakistan",https://www.linkedin.com/in/william-davis-394,https://example.com/profiles/william_davis_394.jpg,2025-05-27,No,No,SN000395,SABIC,Cloud Computing,Lead,"MS Information Technology, MIT"
P00396,Saeed,Williams,Unspecified,Systems Administrator,IT consultant helping businesses digital transformation,"Jeddah, Saudi Arabia",https://www.linkedin.com/in/saeed-williams-395,https://example.com/profiles/saeed_williams_395.jpg,2025-08-06,No,No,SN000396,SABIC,Healthcare IT,Entry,"BS Computer Science, King Saud University"
P00397,James,Johnson,Male,Senior Software Engineer,Full-stack developer building scalable applications,"Dammam, Saudi Arabia",https://www.linkedin.com/in/james-johnson-396,https://example.com/profiles/james_johnson_396.jpg,2025-05-22,No,No,SN000397,Enterprise Solutions,ERP Solutions,Senior,"MBA, INSEAD"
P00398,Khalid,Al-Harbi,Female,Systems Administrator,Data scientist passionate about analytics,"Jeddah, Saudi Arabia",https://www.linkedin.com/in/khalid-al-harbi-397,https://example.com/profiles/khalid_al-harbi_397.jpg,2025-10-31,No,No,SN000398,NCB Bank,IT Services,Director,"BS Computer Science, King Saud University"
P00399,Omar,Garcia,Male,Project Manager,Cybersecurity expert protecting digital assets,"Khobar, Saudi Arabia",https://www.linkedin.com/in/omar-garcia-398,https://example.com/profiles/omar_garcia_398.jpg,2025-06-02,No,No,SN000399,Microsoft Saudi Arabia,IT Services,Lead,"MBA, INSEAD"
P00400,Noor,Ahmed,Female,Chief Information Officer,Software engineer with expertise in enterprise applications,"Medina, Saudi Arabia",https://www.linkedin.com/in/noor-ahmed-399,https://example.com/profiles/noor_ahmed_399.jpg,2025-10-15,No,No,SN000400,Data Analytics Pro,IT Services,Director,
P00401,Joseph,Rodriguez,Male,Business Analyst,Software engineer with expertise in enterprise applications,"Karachi, Pakistan",https://www.linkedin.com/in/joseph-rodriguez-400,https://example.com/profiles/joseph_rodriguez_400.jpg,2025-06-24,No,No,SN000401,Al Rajhi Bank,ERP Solutions,VP,"BS Software Engineering, NUST"
P00402,Hafsa,Hassan,Male,DevOps Engineer,Experienced IT professional specializing in cloud solutions,"Karachi, Pakistan",https://www.linkedin.com/in/hafsa-hassan-401,https://example.com/profiles/hafsa_hassan_401.jpg,2025-09-16,No,No,SN000402,KPMG,Manufacturing,Principal,
P00403,James,Al-Otaibi,Female,Security Specialist,Experienced IT professional specializing in cloud solutions,"Mecca, Saudi Arabia",https://www.linkedin.com/in/james-al-otaibi-402,https://example.com/profiles/james_al-otaibi_402.jpg,2025-10-14,No,Yes,SN000403,KPMG,Cloud Computing,Entry,
P00404,Khalid,Hassan,Unspecified,Network Engineer,Data scientist passionate about analytics,"Medina, Saudi Arabia",https://www.linkedin.com/in/khalid-hassan-403,https://example.com/profiles/khalid_hassan_403.jpg,2025-09-23,No,No,SN000404,SecureNet,Telecommunications,Mid,"MS Information Technology, MIT"
P00405,Layla,Jones,Female,Chief Information Officer,Cybersecurity expert protecting digital assets,"Khobar, Saudi Arabia",https://www.linkedin.com/in/layla-jones-404,https://example.com/profiles/layla_jones_404.jpg,2025-07-07,No,No,SN000405,Deloitte,Telecommunications,Entry,"MS Information Technology, MIT"
P00406,Hafsa,Al-Mansouri,Female,Project Manager,Software engineer with expertise in enterprise applications,"Medina, Saudi Arabia",https://www.linkedin.com/in/hafsa-al-mansouri-405,https://example.com/profiles/hafsa_al-mansouri_405.jpg,2025-08-10,No,No,SN000406,Data Analytics Pro,IT Services,Lead,
P00407,Fatima,Garcia,Female,Chief Information Officer,ERP implementation specialist,"Karachi, Pakistan",https://www.linkedin.com/in/fatima-garcia-406,https://example.com/profiles/fatima_garcia_406.jpg,2025-09-09,No,No,SN000407,Saudi Telecom Company,Retail,Senior,"BS Computer Science, King Saud University"
P00408,James,Khan,Male,Software Developer,IT director managing technology teams,"Dammam, Saudi Arabia",https://www.linkedin.com/in/james-khan-407,https://example.com/profiles/james_khan_407.jpg,2025-09-19,No,No,SN000408,SecureNet,Oil & Energy,Principal,"BS Computer Science, King Saud University"
P00409,Sara,Malik,Male,Data Scientist,IT director managing technology teams,"Medina, Saudi Arabia",https://www.linkedin.com/in/sara-malik-408,https://example.com/profiles/sara_malik_408.jpg,2025-09-18,No,No,SN000409,Modern Tech,Banking,VP,"MBA, INSEAD"
P00410,Joseph,Khan,Female,Data Scientist,Software engineer with expertise in enterprise applications,"Riyadh, Saudi Arabia",https://www.linkedin.com/in/joseph-khan-409,https://example.com/profiles/joseph_khan_409.jpg,2025-05-28,No,Yes,SN000410,Aramco,Retail,Entry,"MS Information Technology, MIT"
P00411,Jennifer,Malik,Female,Senior Software Engineer,Software engineer with expertise in enterprise applications,"Islamabad, Pakistan",https://www.linkedin.com/in/jennifer-malik-410,https://example.com/profiles/jennifer_malik_410.jpg,2025-09-21,No,No,SN000411,Al Rajhi Bank,Cloud Computing,Entry,
P00412,Emily,Khan,Male,Technical Lead,IT director managing technology teams,"Mecca, Saudi Arabia",https://www.linkedin.com/in/emily-khan-411,https://example.com/profiles/emily_khan_411.jpg,2025-10-25,Yes,No,SN000412,KPMG,Software Development,Entry,"MBA, INSEAD"
P00413,Fatima,Sheikh,Unspecified,DevOps Engineer,IT director managing technology teams,"Karachi, Pakistan",https://www.linkedin.com/in/fatima-sheikh-412,https://example.com/profiles/fatima_sheikh_412.jpg,2025-05-16,No,Yes,SN000413,IT Innovations,Manufacturing,Entry,
P00414,Omar,Garcia,Unspecified,Network Engineer,Software engineer with expertise in enterprise applications,"Riyadh, Saudi Arabia",https://www.linkedin.com/in/omar-garcia-413,https://example.com/profiles/omar_garcia_413.jpg,2025-07-19,No,No,SN000414,Saudi Telecom Company,Software Development,Senior,"BS Software Engineering, NUST"
P00415,Lisa,Al-Zahrani,Unspecified,Business Analyst,IT director managing technology teams,"Medina, Saudi Arabia",https://www.linkedin.com/in/lisa-al-zahrani-414,https://example.com/profiles/lisa_al-zahrani_414.jpg,2025-10-06,No,No,SN000415,Saudi Telecom Company,Telecommunications,Senior,"MS Data Science, Stanford"
P00416,Fatima,Garcia,Female,Cloud Architect,Full-stack developer building scalable applications,"Jeddah, Saudi Arabia",https://www.linkedin.com/in/fatima-garcia-415,https://example.com/profiles/fatima_garcia_415.jpg,2025-06-08,No,No,SN000416,TechCorp Solutions,Retail,Lead,"BS Software Engineering, NUST"
P00417,Barbara,Ahmed,Female,IT Director,Experienced IT professional specializing in cloud solutions,"Medina, Saudi Arabia",https://www.linkedin.com/in/barbara-ahmed-416,https://example.com/profiles/barbara_ahmed_416.jpg,2025-06-09,No,No,SN000417,NCB Bank,ERP Solutions,Principal,"MS Data Science, Stanford"
P00418,Hafsa,Brown,Female,Network Engineer,Data scientist passionate about analytics,"Lahore, Pakistan",https://www.linkedin.com/in/hafsa-brown-417,https://example.com/profiles/hafsa_brown_417.jpg,2025-09-08,Yes,No,SN000418,SABIC,ERP Solutions,C-Level,
P00419,Fahad,Shah,Female,IT Director,ERP implementation specialist,"Dammam, Saudi Arabia",https://www.linkedin.com/in/fahad-shah-418,https://example.com/profiles/fahad_shah_418.jpg,2025-09-09,No,No,SN000419,Modern Tech,Banking,VP,"MS Information Technology, MIT"
P00420,Noor,Butt,Unspecified,Senior Software Engineer,DevOps engineer automating infrastructure,"Riyadh, Saudi Arabia",https://www.linkedin.com/in/noor-butt-419,https://example.com/profiles/noor_butt_419.jpg,2025-08-24,No,No,SN000420,Ernst & Young,Oil & Energy,Entry,"MS Data Science, Stanford"
P00421,William,Williams,Female,Network Engineer,IT director managing technology teams,"Dubai, UAE",https://www.linkedin.com/in/william-williams-420,https://example.com/profiles/william_williams_420.jpg,2025-10-26,No,No,SN000421,Enterprise Solutions,Banking,Principal,"BS Computer Science, King Saud University"
P00422,Saeed,Johnson,Unspecified,Cloud Architect,IT director managing technology teams,"Mecca, Saudi Arabia",https://www.linkedin.com/in/saeed-johnson-421,https://example.com/profiles/saeed_johnson_421.jpg,2025-09-23,No,No,SN000422,Al Rajhi Bank,Software Development,VP,
P00423,Fahad,Butt,Female,IT Consultant,ERP implementation specialist,"Dammam, Saudi Arabia",https://www.linkedin.com/in/fahad-butt-422,https://example.com/profiles/fahad_butt_422.jpg,2025-06-15,No,No,SN000423,Ernst & Young,Data Analytics,Mid,"BS Computer Science, King Saud University"
P00424,Noor,Al-Mutairi,Male,Technical Lead,Cybersecurity expert protecting digital assets,"Karachi, Pakistan",https://www.linkedin.com/in/noor-al-mutairi-423,https://example.com/profiles/noor_al-mutairi_423.jpg,2025-06-03,No,No,SN000424,PwC,Fintech,Principal,
P00425,Jessica,Ali,Female,IT Director,Experienced IT professional specializing in cloud solutions,"Islamabad, Pakistan",https://www.linkedin.com/in/jessica-ali-424,https://example.com/profiles/jessica_ali_424.jpg,2025-08-10,No,No,SN000425,IBM Saudi Arabia,Digital Transformation,Senior,
P00426,Usman,Iqbal,Unspecified,Chief Information Officer,IT consultant helping businesses digital transformation,"Medina, Saudi Arabia",https://www.linkedin.com/in/usman-iqbal-425,https://example.com/profiles/usman_iqbal_425.jpg,2025-09-27,No,No,SN000426,Accenture,Data Analytics,Entry,"MS Data Science, Stanford"
P00427,Aisha,Davis,Male,DevOps Engineer,Software engineer with expertise in enterprise applications,"Dammam, Saudi Arabia",https://www.linkedin.com/in/aisha-davis-426,https://example.com/profiles/aisha_davis_426.jpg,2025-05-13,Yes,No,SN000427,STC Solutions,IT Services,Entry,
P00428,Linda,Ahmed,Male,Security Specialist,Cybersecurity expert protecting digital assets,"Dubai, UAE",https://www.linkedin.com/in/linda-ahmed-427,https://example.com/profiles/linda_ahmed_427.jpg,2025-06-05,No,No,SN000428,Microsoft Saudi Arabia,Healthcare IT,Principal,"BS Software Engineering, NUST"
P00429,Hafsa,Brown,Male,Chief Information Officer,DevOps engineer automating infrastructure,"Riyadh, Saudi Arabia",https://www.linkedin.com/in/hafsa-brown-428,https://example.com/profiles/hafsa_brown_428.jpg,2025-11-04,No,No,SN000429,SecureNet,Retail,C-Level,"BS Software Engineering, NUST"
P00430,Barbara,Martinez,Female,Database Administrator,Full-stack developer building scalable applications,"Lahore, Pakistan",https://www.linkedin.com/in/barbara-martinez-429,https://example.com/profiles/barbara_martinez_429.jpg,2025-05-20,No,No,SN000430,Aramco,Oil & Energy,Senior,
P00431,Hassan,Hussain,Male,IT Consultant,Software engineer with expertise in enterprise applications,"Lahore, Pakistan",https://www.linkedin.com/in/hassan-hussain-430,https://example.com/profiles/hassan_hussain_430.jpg,2025-06-03,No,No,SN000431,Microsoft Saudi Arabia,IT Services,VP,"BS Software Engineering, NUST"
P00432,Richard,Raza,Female,Data Scientist,IT director managing technology teams,"Abu Dhabi, UAE",https://www.linkedin.com/in/richard-raza-431,https://example.com/profiles/richard_raza_431.jpg,2025-08-04,No,No,SN000432,Aramco,Digital Transformation,C-Level,"MBA, INSEAD"
P00433,Sara,Garcia,Male,Chief Information Officer,IT director managing technology teams,"Khobar, Saudi Arabia",https://www.linkedin.com/in/sara-garcia-432,https://example.com/profiles/sara_garcia_432.jpg,2025-09-09,No,No,SN000433,Modern Tech,Manufacturing,C-Level,"BS Computer Science, King Saud University"
P00434,Khalid,Shah,Female,Cloud Architect,DevOps engineer automating infrastructure,"Riyadh, Saudi Arabia",https://www.linkedin.com/in/khalid-shah-433,https://example.com/profiles/khalid_shah_433.jpg,2025-09-11,No,No,SN000434,NCB Bank,Retail,Mid,"BS Computer Science, King Saud University"
P00435,Hafsa,Rodriguez,Female,Senior Software Engineer,Software engineer with expertise in enterprise applications,"Dubai, UAE",https://www.linkedin.com/in/hafsa-rodriguez-434,https://example.com/profiles/hafsa_rodriguez_434.jpg,2025-08-20,No,No,SN000435,Al Rajhi Bank,Oil & Energy,Lead,
P00436,Jessica,Williams,Male,Database Administrator,Technology leader driving innovation,"Islamabad, Pakistan",https://www.linkedin.com/in/jessica-williams-435,https://example.com/profiles/jessica_williams_435.jpg,2025-10-25,No,No,SN000436,IBM Saudi Arabia,Telecommunications,Entry,"MS Information Technology, MIT"
P00437,Amanda,Jones,Female,Chief Technology Officer,Software engineer with expertise in enterprise applications,"Islamabad, Pakistan",https://www.linkedin.com/in/amanda-jones-436,https://example.com/profiles/amanda_jones_436.jpg,2025-06-03,Yes,No,SN000437,IBM Saudi Arabia,Cybersecurity,Principal,"BS Computer Science, King Saud University"
P00438,Omar,Miller,Female,Data Scientist,Software engineer with expertise in enterprise applications,"Medina, Saudi Arabia",https://www.linkedin.com/in/omar-miller-437,https://example.com/profiles/omar_miller_437.jpg,2025-06-06,No,No,SN000438,Aramco,E-commerce,Principal,"MS Data Science, Stanford"
P00439,Saeed,Khan,Female,Product Manager,IT consultant helping businesses digital transformation,"Jeddah, Saudi Arabia",https://www.linkedin.com/in/saeed-khan-438,https://example.com/profiles/saeed_khan_438.jpg,2025-07-12,No,No,SN000439,SecureNet,Telecommunications,Entry,"MS Information Technology, MIT"
P00440,Joseph,Ali,Male,Project Manager,Experienced IT professional specializing in cloud solutions,"Dammam, Saudi Arabia",https://www.linkedin.com/in/joseph-ali-439,https://example.com/profiles/joseph_ali_439.jpg,2025-06-07,No,Yes,SN000440,Accenture,Data Analytics,Mid,"BS Software Engineering, NUST"
P00441,Emily,Al-Zahrani,Unspecified,Chief Information Officer,ERP implementation specialist,"Medina, Saudi Arabia",https://www.linkedin.com/in/emily-al-zahrani-440,https://example.com/profiles/emily_al-zahrani_440.jpg,2025-08-30,No,No,SN000441,Saudi Telecom Company,Oil & Energy,Mid,"MBA, INSEAD"
P00442,Lisa,Williams,Female,Data Scientist,Technology leader driving innovation,"Khobar, Saudi Arabia",https://www.linkedin.com/in/lisa-williams-441,https://example.com/profiles/lisa_williams_441.jpg,2025-10-02,Yes,No,SN000442,TechCorp Solutions,Banking,Mid,
P00443,Barbara,Smith,Male,Cloud Architect,Full-stack developer building scalable applications,"Medina, Saudi Arabia",https://www.linkedin.com/in/barbara-smith-442,https://example.com/profiles/barbara_smith_442.jpg,2025-09-17,Yes,No,SN000443,PwC,Cybersecurity,Mid,
P00444,Omar,Iqbal,Male,Project Manager,ERP implementation specialist,"Mecca, Saudi Arabia",https://www.linkedin.com/in/omar-iqbal-443,https://example.com/profiles/omar_iqbal_443.jpg,2025-10-25,No,No,SN000444,Enterprise Solutions,Telecommunications,VP,"MS Information Technology, MIT"
P00445,Linda,Al-Mutairi,Female,Database Administrator,IT consultant helping businesses digital transformation,"Medina, Saudi Arabia",https://www.linkedin.com/in/linda-al-mutairi-444,https://example.com/profiles/linda_al-mutairi_444.jpg,2025-08-20,No,No,SN000445,Cloud Systems,Data Analytics,VP,"BS Software Engineering, NUST"
P00446,Sarah,Al-Ghamdi,Unspecified,Technical Lead,Cybersecurity expert protecting digital assets,"Lahore, Pakistan",https://www.linkedin.com/in/sarah-al-ghamdi-445,https://example.com/profiles/sarah_al-ghamdi_445.jpg,2025-07-27,No,No,SN000446,Cloud Systems,IT Services,Lead,"MS Data Science, Stanford"
P00447,Amanda,Johnson,Female,Security Specialist,Data scientist passionate about analytics,"Islamabad, Pakistan",https://www.linkedin.com/in/amanda-johnson-446,https://example.com/profiles/amanda_johnson_446.jpg,2025-05-29,No,No,SN000447,IT Innovations,IT Services,Director,"MS Information Technology, MIT"
P00448,Jennifer,Rodriguez,Female,Engineering Manager,Experienced IT professional specializing in cloud solutions,"Islamabad, Pakistan",https://www.linkedin.com/in/jennifer-rodriguez-447,https://example.com/profiles/jennifer_rodriguez_447.jpg,2025-07-17,No,No,SN000448,IT Innovations,Cybersecurity,Lead,"BS Software Engineering, NUST"
P00449,Maryam,Al-Mutairi,Unspecified,Business Analyst,ERP implementation specialist,"Lahore, Pakistan",https://www.linkedin.com/in/maryam-al-mutairi-448,https://example.com/profiles/maryam_al-mutairi_448.jpg,2025-06-22,No,No,SN000449,Saudi Telecom Company,Digital Transformation,Principal,
P00450,Omar,Ahmed,Unspecified,Data Scientist,IT consultant helping businesses digital transformation,"Dammam, Saudi Arabia",https://www.linkedin.com/in/omar-ahmed-449,https://example.com/profiles/omar_ahmed_449.jpg,2025-05-27,Yes,No,SN000450,Digital Ventures,Manufacturing,Director,"MS Data Science, Stanford"
P00451,Ahmed,Smith,Unspecified,Senior Software Engineer,DevOps engineer automating infrastructure,"Jeddah, Saudi Arabia",https://www.linkedin.com/in/ahmed-smith-450,https://example.com/profiles/ahmed_smith_450.jpg,2025-07-17,Yes,No,SN000451,Saudi Telecom Company,Telecommunications,Entry,"MBA, INSEAD"
P00452,Khadija,Al-Harbi,Female,Software Developer,Data scientist passionate about analytics,"Jeddah, Saudi Arabia",https://www.linkedin.com/in/khadija-al-harbi-451,https://example.com/profiles/khadija_al-harbi_451.jpg,2025-05-20,No,No,SN000452,Enterprise Solutions,Cloud Computing,VP,"BS Software Engineering, NUST"
P00453,Ali,Al-Mansouri,Female,DevOps Engineer,Experienced IT professional specializing in cloud solutions,"Mecca, Saudi Arabia",https://www.linkedin.com/in/ali-al-mansouri-452,https://example.com/profiles/ali_al-mansouri_452.jpg,2025-08-22,No,No,SN000453,KPMG,IT Services,Principal,"MS Data Science, Stanford"
P00454,Ali,Al-Rashid,Unspecified,Data Scientist,IT director managing technology teams,"Islamabad, Pakistan",https://www.linkedin.com/in/ali-al-rashid-453,https://example.com/profiles/ali_al-rashid_453.jpg,2025-11-02,No,No,SN000454,Saudi Telecom Company,Manufacturing,C-Level,
P00455,Patricia,Khan,Unspecified,Software Developer,IT director managing technology teams,"Abu Dhabi, UAE",https://www.linkedin.com/in/patricia-khan-454,https://example.com/profiles/patricia_khan_454.jpg,2025-09-24,No,No,SN000455,Deloitte,Cloud Computing,Senior,"MS Data Science, Stanford"
P00456,Fatima,Ahmed,Male,Product Manager,Software engineer with expertise in enterprise applications,"Jeddah, Saudi Arabia",https://www.linkedin.com/in/fatima-ahmed-455,https://example.com/profiles/fatima_ahmed_455.jpg,2025-09-07,No,No,SN000456,SecureNet,Telecommunications,Senior,"MS Information Technology, MIT"
P00457,Omar,Ali,Male,Technical Lead,Software engineer with expertise in enterprise applications,"Karachi, Pakistan",https://www.linkedin.com/in/omar-ali-456,https://example.com/profiles/omar_ali_456.jpg,2025-10-05,No,Yes,SN000457,Ernst & Young,E-commerce,Mid,
P00458,Omar,Martinez,Unspecified,Network Engineer,DevOps engineer automating infrastructure,"Jeddah, Saudi Arabia",https://www.linkedin.com/in/omar-martinez-457,https://example.com/profiles/omar_martinez_457.jpg,2025-07-04,No,No,SN000458,Ernst & Young,ERP Solutions,Principal,"BS Software Engineering, NUST"
P00459,Charles,Butt,Unspecified,Chief Information Officer,Software engineer with expertise in enterprise applications,"Medina, Saudi Arabia",https://www.linkedin.com/in/charles-butt-458,https://example.com/profiles/charles_butt_458.jpg,2025-09-15,No,Yes,SN000459,Saudi Telecom Company,IT Services,Principal,"MBA, INSEAD"
P00460,Richard,Butt,Unspecified,Technical Lead,Data scientist passionate about analytics,"Karachi, Pakistan",https://www.linkedin.com/in/richard-butt-459,https://example.com/profiles/richard_butt_459.jpg,2025-10-13,Yes,No,SN000460,SecureNet,Data Analytics,Director,"MS Information Technology, MIT"
P00461,Ahmed,Brown,Unspecified,IT Director,ERP implementation specialist,"Karachi, Pakistan",https://www.linkedin.com/in/ahmed-brown-460,https://example.com/profiles/ahmed_brown_460.jpg,2025-06-25,No,No,SN000461,Microsoft Saudi Arabia,Banking,Lead,"MS Information Technology, MIT"
P00462,Sarah,Iqbal,Unspecified,Project Manager,Technology leader driving innovation,"Khobar, Saudi Arabia",https://www.linkedin.com/in/sarah-iqbal-461,https://example.com/profiles/sarah_iqbal_461.jpg,2025-08-01,No,No,SN000462,PwC,Software Development,Director,"MS Data Science, Stanford"
P00463,Ali,Martinez,Female,Chief Technology Officer,IT director managing technology teams,"Medina, Saudi Arabia",https://www.linkedin.com/in/ali-martinez-462,https://example.com/profiles/ali_martinez_462.jpg,2025-07-23,No,No,SN000463,IBM Saudi Arabia,Digital Transformation,Director,"MS Information Technology, MIT"
P00464,John,Rodriguez,Unspecified,Chief Information Officer,Cybersecurity expert protecting digital assets,"Medina, Saudi Arabia",https://www.linkedin.com/in/john-rodriguez-463,https://example.com/profiles/john_rodriguez_463.jpg,2025-09-07,No,Yes,SN000464,TechCorp Solutions,Manufacturing,C-Level,"BS Computer Science, King Saud University"
P00465,Fatima,Johnson,Unspecified,DevOps Engineer,IT consultant helping businesses digital transformation,"Jeddah, Saudi Arabia",https://www.linkedin.com/in/fatima-johnson-464,https://example.com/profiles/fatima_johnson_464.jpg,2025-06-11,No,No,SN000465,NCB Bank,Oil & Energy,Mid,"MBA, INSEAD"
P00466,Sarah,Hussain,Female,IT Director,Technology leader driving innovation,"Khobar, Saudi Arabia",https://www.linkedin.com/in/sarah-hussain-465,https://example.com/profiles/sarah_hussain_465.jpg,2025-08-28,No,No,SN000466,Ernst & Young,ERP Solutions,Director,
P00467,Hassan,Garcia,Female,Senior Software Engineer,Experienced IT professional specializing in cloud solutions,"Khobar, Saudi Arabia",https://www.linkedin.com/in/hassan-garcia-466,https://example.com/profiles/hassan_garcia_466.jpg,2025-10-14,No,No,SN000467,PwC,ERP Solutions,Mid,"BS Software Engineering, NUST"
P00468,Patricia,Al-Rashid,Female,Product Manager,IT consultant helping businesses digital transformation,"Khobar, Saudi Arabia",https://www.linkedin.com/in/patricia-al-rashid-467,https://example.com/profiles/patricia_al-rashid_467.jpg,2025-10-23,No,No,SN000468,Digital Ventures,IT Services,Principal,"MBA, INSEAD"
P00469,Robert,Butt,Male,IT Director,Data scientist passionate about analytics,"Islamabad, Pakistan",https://www.linkedin.com/in/robert-butt-468,https://example.com/profiles/robert_butt_468.jpg,2025-07-01,No,No,SN000469,Microsoft Saudi Arabia,Fintech,Senior,"MS Information Technology, MIT"
P00470,Sara,Shah,Female,Systems Administrator,Software engineer with expertise in enterprise applications,"Islamabad, Pakistan",https://www.linkedin.com/in/sara-shah-469,https://example.com/profiles/sara_shah_469.jpg,2025-10-20,No,No,SN000470,SecureNet,Retail,Lead,"MBA, INSEAD"
P00471,Richard,Johnson,Female,Systems Administrator,DevOps engineer automating infrastructure,"Mecca, Saudi Arabia",https://www.linkedin.com/in/richard-johnson-470,https://example.com/profiles/richard_johnson_470.jpg,2025-06-26,No,No,SN000471,Cloud Systems,ERP Solutions,C-Level,"MS Information Technology, MIT"
P00472,James,Ahmed,Unspecified,Chief Information Officer,ERP implementation specialist,"Lahore, Pakistan",https://www.linkedin.com/in/james-ahmed-471,https://example.com/profiles/james_ahmed_471.jpg,2025-08-05,No,No,SN000472,SecureNet,Cybersecurity,Entry,
P00473,David,Al-Ghamdi,Male,Senior Software Engineer,Technology leader driving innovation,"Karachi, Pakistan",https://www.linkedin.com/in/david-al-ghamdi-472,https://example.com/profiles/david_al-ghamdi_472.jpg,2025-09-16,No,No,SN000473,SecureNet,ERP Solutions,VP,"BS Computer Science, King Saud University"
P00474,Joseph,Raza,Unspecified,Systems Administrator,Data scientist passionate about analytics,"Dubai, UAE",https://www.linkedin.com/in/joseph-raza-473,https://example.com/profiles/joseph_raza_473.jpg,2025-06-27,No,Yes,SN000474,Saudi Telecom Company,Cloud Computing,Mid,"BS Computer Science, King Saud University"
P00475,Omar,Shah,Male,Cloud Architect,Experienced IT professional specializing in cloud solutions,"Lahore, Pakistan",https://www.linkedin.com/in/omar-shah-474,https://example.com/profiles/omar_shah_474.jpg,2025-06-20,Yes,No,SN000475,Ernst & Young,Healthcare IT,Mid,
P00476,Emily,Williams,Male,Network Engineer,ERP implementation specialist,"Medina, Saudi Arabia",https://www.linkedin.com/in/emily-williams-475,https://example.com/profiles/emily_williams_475.jpg,2025-10-08,No,No,SN000476,Aramco,Retail,Mid,"MBA, INSEAD"
P00477,Khadija,Butt,Unspecified,IT Director,Data scientist passionate about analytics,"Riyadh, Saudi Arabia",https://www.linkedin.com/in/khadija-butt-476,https://example.com/profiles/khadija_butt_476.jpg,2025-07-08,Yes,No,SN000477,Cloud Systems,Telecommunications,Lead,"MS Information Technology, MIT"
P00478,Ahmed,Raza,Female,Data Scientist,DevOps engineer automating infrastructure,"Dubai, UAE",https://www.linkedin.com/in/ahmed-raza-477,https://example.com/profiles/ahmed_raza_477.jpg,2025-10-08,No,No,SN000478,NCB Bank,Fintech,Entry,"MBA, INSEAD"
P00479,Layla,Johnson,Male,Cloud Architect,IT consultant helping businesses digital transformation,"Dubai, UAE",https://www.linkedin.com/in/layla-johnson-478,https://example.com/profiles/layla_johnson_478.jpg,2025-07-14,No,No,SN000479,PwC,Cybersecurity,Director,"BS Computer Science, King Saud University"
P00480,Ahmed,Al-Harbi,Unspecified,Product Manager,Cybersecurity expert protecting digital assets,"Riyadh, Saudi Arabia",https://www.linkedin.com/in/ahmed-al-harbi-479,https://example.com/profiles/ahmed_al-harbi_479.jpg,2025-05-30,Yes,Yes,SN000480,Saudi Telecom Company,Telecommunications,Principal,"BS Software Engineering, NUST"
P00481,Barbara,Brown,Male,IT Consultant,Cybersecurity expert protecting digital assets,"Medina, Saudi Arabia",https://www.linkedin.com/in/barbara-brown-480,https://example.com/profiles/barbara_brown_480.jpg,2025-08-30,Yes,No,SN000481,Cloud Systems,Telecommunications,VP,"MBA, INSEAD"
P00482,Ahmed,Al-Mansouri,Unspecified,IT Consultant,Software engineer with expertise in enterprise applications,"Islamabad, Pakistan",https://www.linkedin.com/in/ahmed-al-mansouri-481,https://example.com/profiles/ahmed_al-mansouri_481.jpg,2025-10-06,No,No,SN000482,NCB Bank,Retail,Senior,"BS Computer Science, King Saud University"
P00483,Sarah,Raza,Female,Technical Lead,IT director managing technology teams,"Karachi, Pakistan",https://www.linkedin.com/in/sarah-raza-482,https://example.com/profiles/sarah_raza_482.jpg,2025-06-17,No,No,SN000483,Accenture,Cybersecurity,Senior,
P00484,Amanda,Hassan,Female,Product Manager,IT consultant helping businesses digital transformation,"Khobar, Saudi Arabia",https://www.linkedin.com/in/amanda-hassan-483,https://example.com/profiles/amanda_hassan_483.jpg,2025-06-15,No,Yes,SN000484,STC Solutions,IT Services,Senior,"BS Software Engineering, NUST"
P00485,Khalid,Iqbal,Unspecified,Database Administrator,Data scientist passionate about analytics,"Dammam, Saudi Arabia",https://www.linkedin.com/in/khalid-iqbal-484,https://example.com/profiles/khalid_iqbal_484.jpg,2025-06-10,No,No,SN000485,Modern Tech,Healthcare IT,Senior,"MS Information Technology, MIT"
P00486,Khalid,Shah,Unspecified,Engineering Manager,IT director managing technology teams,"Karachi, Pakistan",https://www.linkedin.com/in/khalid-shah-485,https://example.com/profiles/khalid_shah_485.jpg,2025-07-20,No,No,SN000486,KPMG,Retail,Entry,"MBA, INSEAD"
P00487,Richard,Jones,Female,Technical Lead,Cybersecurity expert protecting digital assets,"Medina, Saudi Arabia",https://www.linkedin.com/in/richard-jones-486,https://example.com/profiles/richard_jones_486.jpg,2025-10-08,No,Yes,SN000487,PwC,E-commerce,Lead,"BS Software Engineering, NUST"
P00488,Sara,Al-Otaibi,Unspecified,Engineering Manager,Cybersecurity expert protecting digital assets,"Dubai, UAE",https://www.linkedin.com/in/sara-al-otaibi-487,https://example.com/profiles/sara_al-otaibi_487.jpg,2025-09-14,No,No,SN000488,Ernst & Young,Retail,VP,"MS Data Science, Stanford"
P00489,Saeed,Ali,Male,IT Director,Full-stack developer building scalable applications,"Riyadh, Saudi Arabia",https://www.linkedin.com/in/saeed-ali-488,https://example.com/profiles/saeed_ali_488.jpg,2025-08-15,No,No,SN000489,Digital Ventures,Digital Transformation,Senior,"BS Software Engineering, NUST"
P00490,Usman,Hussain,Unspecified,Software Developer,Experienced IT professional specializing in cloud solutions,"Lahore, Pakistan",https://www.linkedin.com/in/usman-hussain-489,https://example.com/profiles/usman_hussain_489.jpg,2025-06-24,No,No,SN000490,STC Solutions,Telecommunications,Entry,
P00491,Amanda,Sheikh,Unspecified,DevOps Engineer,Full-stack developer building scalable applications,"Medina, Saudi Arabia",https://www.linkedin.com/in/amanda-sheikh-490,https://example.com/profiles/amanda_sheikh_490.jpg,2025-08-12,No,No,SN000491,Oracle Saudi Arabia,Telecommunications,C-Level,"MS Data Science, Stanford"
P00492,Richard,Al-Mansouri,Unspecified,IT Consultant,Cybersecurity expert protecting digital assets,"Khobar, Saudi Arabia",https://www.linkedin.com/in/richard-al-mansouri-491,https://example.com/profiles/richard_al-mansouri_491.jpg,2025-10-11,No,No,SN000492,Enterprise Solutions,E-commerce,Director,"BS Computer Science, King Saud University"
P00493,Jennifer,Hassan,Unspecified,Project Manager,Data scientist passionate about analytics,"Dammam, Saudi Arabia",https://www.linkedin.com/in/jennifer-hassan-492,https://example.com/profiles/jennifer_hassan_492.jpg,2025-09-13,No,No,SN000493,STC Solutions,Fintech,Mid,
P00494,Muhammad,Davis,Male,Software Developer,Data scientist passionate about analytics,"Lahore, Pakistan",https://www.linkedin.com/in/muhammad-davis-493,https://example.com/profiles/muhammad_davis_493.jpg,2025-06-29,No,No,SN000494,NCB Bank,Manufacturing,Lead,"BS Computer Science, King Saud University"
P00495,Jennifer,Ahmed,Unspecified,Business Analyst,Full-stack developer building scalable applications,"Lahore, Pakistan",https://www.linkedin.com/in/jennifer-ahmed-494,https://example.com/profiles/jennifer_ahmed_494.jpg,2025-08-16,Yes,No,SN000495,IBM Saudi Arabia,Fintech,C-Level,"BS Software Engineering, NUST"
P00496,Aisha,Hussain,Unspecified,IT Director,DevOps engineer automating infrastructure,"Lahore, Pakistan",https://www.linkedin.com/in/aisha-hussain-495,https://example.com/profiles/aisha_hussain_495.jpg,2025-09-22,No,No,SN000496,NCB Bank,Manufacturing,Mid,"MBA, INSEAD"
P00497,Amina,Butt,Unspecified,Technical Lead,Cybersecurity expert protecting digital assets,"Abu Dhabi, UAE",https://www.linkedin.com/in/amina-butt-496,https://example.com/profiles/amina_butt_496.jpg,2025-05-22,No,No,SN000497,SABIC,Fintech,Principal,"MS Information Technology, MIT"
P00498,Lisa,Al-Mansouri,Male,Software Developer,Technology leader driving innovation,"Medina, Saudi Arabia",https://www.linkedin.com/in/lisa-al-mansouri-497,https://example.com/profiles/lisa_al-mansouri_497.jpg,2025-06-01,No,No,SN000498,NCB Bank,Banking,Senior,
P00499,Michelle,Khan,Female,Chief Technology Officer,DevOps engineer automating infrastructure,"Khobar, Saudi Arabia",https://www.linkedin.com/in/michelle-khan-498,https://example.com/profiles/michelle_khan_498.jpg,2025-07-11,No,No,SN000499,Ernst & Young,Manufacturing,Director,
P00500,Hassan,Brown,Unspecified,Solutions Architect,Data scientist passionate about analytics,"Medina, Saudi Arabia",https://www.linkedin.com/in/hassan-brown-499,https://example.com/profiles/hassan_brown_499.jpg,2025-06-07,No,Yes,SN000500,PwC,Manufacturing,C-Level,"MBA, INSEAD"
P00501,Zainab,Iqbal,Female,DevOps Engineer,IT consultant helping businesses digital transformation,"Islamabad, Pakistan",https://www.linkedin.com/in/zainab-iqbal-500,https://example.com/profiles/zainab_iqbal_500.jpg,2025-05-16,No,No,SN000501,SABIC,ERP Solutions,Principal,
P00502,John,Iqbal,Unspecified,Business Analyst,Cybersecurity expert protecting digital assets,"Islamabad, Pakistan",https://www.linkedin.com/in/john-iqbal-501,https://example.com/profiles/john_iqbal_501.jpg,2025-08-12,No,No,SN000502,SABIC,Healthcare IT,Entry,"BS Software Engineering, NUST"
P00503,Usman,Al-Rashid,Unspecified,Project Manager,Software engineer with expertise in enterprise applications,"Islamabad, Pakistan",https://www.linkedin.com/in/usman-al-rashid-502,https://example.com/profiles/usman_al-rashid_502.jpg,2025-11-02,No,No,SN000503,KPMG,Data Analytics,Mid,"BS Computer Science, King Saud University"
P00504,Barbara,Miller,Female,Senior Software Engineer,Full-stack developer building scalable applications,"Riyadh, Saudi Arabia",https://www.linkedin.com/in/barbara-miller-503,https://example.com/profiles/barbara_miller_503.jpg,2025-09-24,No,No,SN000504,Enterprise Solutions,Healthcare IT,Principal,"BS Computer Science, King Saud University"
P00505,Fahad,Al-Harbi,Female,IT Director,IT consultant helping businesses digital transformation,"Dubai, UAE",https://www.linkedin.com/in/fahad-al-harbi-504,https://example.com/profiles/fahad_al-harbi_504.jpg,2025-10-07,No,No,SN000505,KPMG,Banking,Lead,"MBA, INSEAD"
P00506,Linda,Al-Ghamdi,Male,IT Consultant,ERP implementation specialist,"Karachi, Pakistan",https://www.linkedin.com/in/linda-al-ghamdi-505,https://example.com/profiles/linda_al-ghamdi_505.jpg,2025-06-29,No,No,SN000506,Modern Tech,Software Development,VP,
P00507,Sara,Shah,Unspecified,IT Consultant,IT director managing technology teams,"Dammam, Saudi Arabia",https://www.linkedin.com/in/sara-shah-506,https://example.com/profiles/sara_shah_506.jpg,2025-10-31,No,Yes,SN000507,Accenture,Oil & Energy,C-Level,
P00508,Lisa,Hussain,Female,Product Manager,IT director managing technology teams,"Islamabad, Pakistan",https://www.linkedin.com/in/lisa-hussain-507,https://example.com/profiles/lisa_hussain_507.jpg,2025-06-28,No,No,SN000508,Data Analytics Pro,Cloud Computing,Director,"BS Computer Science, King Saud University"
P00509,Michael,Al-Otaibi,Female,IT Director,DevOps engineer automating infrastructure,"Karachi, Pakistan",https://www.linkedin.com/in/michael-al-otaibi-508,https://example.com/profiles/michael_al-otaibi_508.jpg,2025-05-27,No,No,SN000509,Digital Ventures,Cybersecurity,C-Level,"MBA, INSEAD"
P00510,Jessica,Rodriguez,Unspecified,Product Manager,Full-stack developer building scalable applications,"Karachi, Pakistan",https://www.linkedin.com/in/jessica-rodriguez-509,https://example.com/profiles/jessica_rodriguez_509.jpg,2025-09-30,No,No,SN000510,SecureNet,Healthcare IT,Entry,
P00511,Muhammad,Malik,Unspecified,Data Scientist,Data scientist passionate about analytics,"Lahore, Pakistan",https://www.linkedin.com/in/muhammad-malik-510,https://example.com/profiles/muhammad_malik_510.jpg,2025-05-24,No,No,SN000511,STC Solutions,Cybersecurity,Senior,"MS Data Science, Stanford"
P00512,Joseph,Iqbal,Female,IT Director,IT consultant helping businesses digital transformation,"Abu Dhabi, UAE",https://www.linkedin.com/in/joseph-iqbal-511,https://example.com/profiles/joseph_iqbal_511.jpg,2025-08-16,No,No,SN000512,Modern Tech,Telecommunications,Entry,"BS Computer Science, King Saud University"
P00513,Jennifer,Al-Mansouri,Female,IT Director,ERP implementation specialist,"Khobar, Saudi Arabia",https://www.linkedin.com/in/jennifer-al-mansouri-512,https://example.com/profiles/jennifer_al-mansouri_512.jpg,2025-07-28,No,No,SN000513,TechCorp Solutions,ERP Solutions,Director,"MBA, INSEAD"
P00514,Usman,Williams,Unspecified,Chief Technology Officer,IT director managing technology teams,"Islamabad, Pakistan",https://www.linkedin.com/in/usman-williams-513,https://example.com/profiles/usman_williams_513.jpg,2025-09-24,No,No,SN000514,NCB Bank,Telecommunications,Entry,"BS Computer Science, King Saud University"
P00515,Aisha,Iqbal,Unspecified,Systems Administrator,Data scientist passionate about analytics,"Karachi, Pakistan",https://www.linkedin.com/in/aisha-iqbal-514,https://example.com/profiles/aisha_iqbal_514.jpg,2025-05-28,No,Yes,SN000515,KPMG,ERP Solutions,Entry,
P00516,John,Shah,Male,Product Manager,Technology leader driving innovation,"Dammam, Saudi Arabia",https://www.linkedin.com/in/john-shah-515,https://example.com/profiles/john_shah_515.jpg,2025-08-01,No,No,SN000516,Saudi Telecom Company,ERP Solutions,Principal,"BS Software Engineering, NUST"
P00517,Richard,Garcia,Unspecified,Business Analyst,Technology leader driving innovation,"Lahore, Pakistan",https://www.linkedin.com/in/richard-garcia-516,https://example.com/profiles/richard_garcia_516.jpg,2025-06-02,No,No,SN000517,STC Solutions,Data Analytics,Entry,"MBA, INSEAD"
P00518,Maryam,Raza,Female,Chief Technology Officer,Data scientist passionate about analytics,"Islamabad, Pakistan",https://www.linkedin.com/in/maryam-raza-517,https://example.com/profiles/maryam_raza_517.jpg,2025-09-07,No,No,SN000518,NCB Bank,Healthcare IT,Mid,"MS Information Technology, MIT"
P00519,Muhammad,Martinez,Male,Chief Information Officer,IT director managing technology teams,"Karachi, Pakistan",https://www.linkedin.com/in/muhammad-martinez-518,https://example.com/profiles/muhammad_martinez_518.jpg,2025-06-20,No,No,SN000519,NCB Bank,Cloud Computing,Director,"BS Software Engineering, NUST"
P00520,Thomas,Shah,Unspecified,Data Scientist,Software engineer with expertise in enterprise applications,"Riyadh, Saudi Arabia",https://www.linkedin.com/in/thomas-shah-519,https://example.com/profiles/thomas_shah_519.jpg,2025-08-27,No,No,SN000520,SABIC,Healthcare IT,Principal,"MS Information Technology, MIT"
P00521,Sarah,Al-Mutairi,Unspecified,Network Engineer,Experienced IT professional specializing in cloud solutions,"Khobar, Saudi Arabia",https://www.linkedin.com/in/sarah-al-mutairi-520,https://example.com/profiles/sarah_al-mutairi_520.jpg,2025-06-23,No,No,SN000521,Accenture,E-commerce,VP,
P00522,Jessica,Smith,Female,Network Engineer,ERP implementation specialist,"Khobar, Saudi Arabia",https://www.linkedin.com/in/jessica-smith-521,https://example.com/profiles/jessica_smith_521.jpg,2025-10-22,No,No,SN000522,Oracle Saudi Arabia,IT Services,Entry,
P00523,Robert,Ahmed,Male,Engineering Manager,Experienced IT professional specializing in cloud solutions,"Medina, Saudi Arabia",https://www.linkedin.com/in/robert-ahmed-522,https://example.com/profiles/robert_ahmed_522.jpg,2025-08-07,No,No,SN000523,Al Rajhi Bank,Fintech,Director,
P00524,Zainab,Martinez,Male,Chief Information Officer,Cybersecurity expert protecting digital assets,"Lahore, Pakistan",https://www.linkedin.com/in/zainab-martinez-523,https://example.com/profiles/zainab_martinez_523.jpg,2025-08-30,No,No,SN000524,Microsoft Saudi Arabia,Software Development,VP,"MS Information Technology, MIT"
P00525,Michelle,Al-Mutairi,Unspecified,Project Manager,DevOps engineer automating infrastructure,"Jeddah, Saudi Arabia",https://www.linkedin.com/in/michelle-al-mutairi-524,https://example.com/profiles/michelle_al-mutairi_524.jpg,2025-10-18,Yes,No,SN000525,NCB Bank,Telecommunications,Principal,"BS Software Engineering, NUST"
P00526,Fatima,Shah,Male,Product Manager,Data scientist passionate about analytics,"Riyadh, Saudi Arabia",https://www.linkedin.com/in/fatima-shah-525,https://example.com/profiles/fatima_shah_525.jpg,2025-09-16,No,Yes,SN000526,Data Analytics Pro,Cloud Computing,Director,"MS Information Technology, MIT"
P00527,James,Smith,Female,Project Manager,Cybersecurity expert protecting digital assets,"Islamabad, Pakistan",https://www.linkedin.com/in/james-smith-526,https://example.com/profiles/james_smith_526.jpg,2025-06-28,No,No,SN000527,IBM Saudi Arabia,Software Development,Lead,
P00528,Amanda,Rodriguez,Male,Systems Administrator,Cybersecurity expert protecting digital assets,"Islamabad, Pakistan",https://www.linkedin.com/in/amanda-rodriguez-527,https://example.com/profiles/amanda_rodriguez_527.jpg,2025-09-19,No,No,SN000528,Aramco,ERP Solutions,Entry,
P00529,Lisa,Williams,Female,Engineering Manager,IT consultant helping businesses digital transformation,"Khobar, Saudi Arabia",https://www.linkedin.com/in/lisa-williams-528,https://example.com/profiles/lisa_williams_528.jpg,2025-05-15,No,No,SN000529,Ernst & Young,Data Analytics,VP,
P00530,Patricia,Al-Ghamdi,Unspecified,Business Analyst,Experienced IT professional specializing in cloud solutions,"Dubai, UAE",https://www.linkedin.com/in/patricia-al-ghamdi-529,https://example.com/profiles/patricia_al-ghamdi_529.jpg,2025-10-03,No,No,SN000530,NCB Bank,Healthcare IT,Director,"MS Information Technology, MIT"
P00531,Sarah,Miller,Female,Senior Software Engineer,DevOps engineer automating infrastructure,"Abu Dhabi, UAE",https://www.linkedin.com/in/sarah-miller-530,https://example.com/profiles/sarah_miller_530.jpg,2025-09-04,No,No,SN000531,NCB Bank,Digital Transformation,Senior,"MS Information Technology, MIT"
P00532,Saeed,Al-Rashid,Female,Security Specialist,Cybersecurity expert protecting digital assets,"Mecca, Saudi Arabia",https://www.linkedin.com/in/saeed-al-rashid-531,https://example.com/profiles/saeed_al-rashid_531.jpg,2025-08-26,No,No,SN000532,Oracle Saudi Arabia,Data Analytics,Principal,
P00533,Thomas,Khan,Female,Database Administrator,ERP implementation specialist,"Medina, Saudi Arabia",https://www.linkedin.com/in/thomas-khan-532,https://example.com/profiles/thomas_khan_532.jpg,2025-10-10,No,No,SN000533,KPMG,Banking,Mid,"MBA, INSEAD"
P00534,Muhammad,Johnson,Female,Senior Software Engineer,Data scientist passionate about analytics,"Jeddah, Saudi Arabia",https://www.linkedin.com/in/muhammad-johnson-533,https://example.com/profiles/muhammad_johnson_533.jpg,2025-10-01,No,No,SN000534,Deloitte,Fintech,Mid,
P00535,Layla,Shah,Unspecified,Software Developer,Experienced IT professional specializing in cloud solutions,"Abu Dhabi, UAE",https://www.linkedin.com/in/layla-shah-534,https://example.com/profiles/layla_shah_534.jpg,2025-07-02,No,No,SN000535,KPMG,Data Analytics,Lead,
P00536,Sara,Brown,Male,Cloud Architect,IT consultant helping businesses digital transformation,"Khobar, Saudi Arabia",https://www.linkedin.com/in/sara-brown-535,https://example.com/profiles/sara_brown_535.jpg,2025-06-10,No,No,SN000536,Saudi Telecom Company,Oil & Energy,C-Level,"BS Computer Science, King Saud University"
P00537,Joseph,Shah,Male,Cloud Architect,Data scientist passionate about analytics,"Jeddah, Saudi Arabia",https://www.linkedin.com/in/joseph-shah-536,https://example.com/profiles/joseph_shah_536.jpg,2025-07-15,No,No,SN000537,Aramco,Banking,Entry,"MBA, INSEAD"
P00538,Michelle,Rodriguez,Female,Product Manager,Experienced IT professional specializing in cloud solutions,"Khobar, Saudi Arabia",https://www.linkedin.com/in/michelle-rodriguez-537,https://example.com/profiles/michelle_rodriguez_537.jpg,2025-06-02,No,No,SN000538,Accenture,Healthcare IT,Senior,"BS Computer Science, King Saud University"
P00539,Jennifer,Sheikh,Female,Software Developer,DevOps engineer automating infrastructure,"Mecca, Saudi Arabia",https://www.linkedin.com/in/jennifer-sheikh-538,https://example.com/profiles/jennifer_sheikh_538.jpg,2025-07-06,Yes,No,SN000539,PwC,Banking,VP,"MBA, INSEAD"
P00540,Khadija,Johnson,Male,Project Manager,Cybersecurity expert protecting digital assets,"Riyadh, Saudi Arabia",https://www.linkedin.com/in/khadija-johnson-539,https://example.com/profiles/khadija_johnson_539.jpg,2025-09-28,Yes,No,SN000540,STC Solutions,Manufacturing,Principal,"BS Software Engineering, NUST"
P00541,Linda,Al-Zahrani,Unspecified,IT Director,IT consultant helping businesses digital transformation,"Riyadh, Saudi Arabia",https://www.linkedin.com/in/linda-al-zahrani-540,https://example.com/profiles/linda_al-zahrani_540.jpg,2025-07-02,No,No,SN000541,Data Analytics Pro,IT Services,Senior,"MS Information Technology, MIT"
P00542,Usman,Al-Mansouri,Male,Systems Administrator,Technology leader driving innovation,"Karachi, Pakistan",https://www.linkedin.com/in/usman-al-mansouri-541,https://example.com/profiles/usman_al-mansouri_541.jpg,2025-08-18,No,No,SN000542,Enterprise Solutions,IT Services,Principal,
P00543,Zainab,Rodriguez,Male,IT Consultant,ERP implementation specialist,"Jeddah, Saudi Arabia",https://www.linkedin.com/in/zainab-rodriguez-542,https://example.com/profiles/zainab_rodriguez_542.jpg,2025-07-02,No,No,SN000543,Microsoft Saudi Arabia,Telecommunications,Mid,"MBA, INSEAD"
P00544,Patricia,Williams,Male,Network Engineer,DevOps engineer automating infrastructure,"Mecca, Saudi Arabia",https://www.linkedin.com/in/patricia-williams-543,https://example.com/profiles/patricia_williams_543.jpg,2025-07-12,No,Yes,SN000544,Enterprise Solutions,Oil & Energy,Mid,"BS Computer Science, King Saud University"
P00545,Amina,Al-Mansouri,Female,Network Engineer,Data scientist passionate about analytics,"Abu Dhabi, UAE",https://www.linkedin.com/in/amina-al-mansouri-544,https://example.com/profiles/amina_al-mansouri_544.jpg,2025-09-17,No,Yes,SN000545,KPMG,E-commerce,Mid,"MS Data Science, Stanford"
P00546,Linda,Brown,Unspecified,IT Consultant,Full-stack developer building scalable applications,"Riyadh, Saudi Arabia",https://www.linkedin.com/in/linda-brown-545,https://example.com/profiles/linda_brown_545.jpg,2025-05-21,No,Yes,SN000546,IT Innovations,Oil & Energy,C-Level,"MBA, INSEAD"
P00547,Barbara,Jones,Male,Chief Information Officer,DevOps engineer automating infrastructure,"Jeddah, Saudi Arabia",https://www.linkedin.com/in/barbara-jones-546,https://example.com/profiles/barbara_jones_546.jpg,2025-06-25,No,No,SN000547,IT Innovations,Manufacturing,Senior,"MBA, INSEAD"
P00548,Hassan,Sheikh,Unspecified,Senior Software Engineer,Full-stack developer building scalable applications,"Jeddah, Saudi Arabia",https://www.linkedin.com/in/hassan-sheikh-547,https://example.com/profiles/hassan_sheikh_547.jpg,2025-08-31,No,Yes,SN000548,Microsoft Saudi Arabia,Software Development,Senior,"MS Data Science, Stanford"
P00549,Robert,Hussain,Female,Product Manager,Data scientist passionate about analytics,"Dammam, Saudi Arabia",https://www.linkedin.com/in/robert-hussain-548,https://example.com/profiles/robert_hussain_548.jpg,2025-05-23,No,No,SN000549,TechCorp Solutions,Software Development,Senior,"MS Data Science, Stanford"
P00550,Khalid,Ali,Female,Data Scientist,Cybersecurity expert protecting digital assets,"Abu Dhabi, UAE",https://www.linkedin.com/in/khalid-ali-549,https://example.com/profiles/khalid_ali_549.jpg,2025-07-30,No,No,SN000550,Ernst & Young,Manufacturing,C-Level,"MS Information Technology, MIT"
P00551,Hafsa,Butt,Female,Database Administrator,ERP implementation specialist,"Jeddah, Saudi Arabia",https://www.linkedin.com/in/hafsa-butt-550,https://example.com/profiles/hafsa_butt_550.jpg,2025-06-26,No,No,SN000551,Data Analytics Pro,IT Services,C-Level,"MS Information Technology, MIT"
P00552,Barbara,Al-Zahrani,Unspecified,Project Manager,Data scientist passionate about analytics,"Mecca, Saudi Arabia",https://www.linkedin.com/in/barbara-al-zahrani-551,https://example.com/profiles/barbara_al-zahrani_551.jpg,2025-06-06,No,No,SN000552,SecureNet,Retail,Lead,"MS Information Technology, MIT"
P00553,Michael,Al-Otaibi,Female,Business Analyst,Data scientist passionate about analytics,"Dammam, Saudi Arabia",https://www.linkedin.com/in/michael-al-otaibi-552,https://example.com/profiles/michael_al-otaibi_552.jpg,2025-08-05,No,No,SN000553,IT Innovations,Data Analytics,VP,"MS Information Technology, MIT"
P00554,Sara,Hassan,Male,Technical Lead,Technology leader driving innovation,"Abu Dhabi, UAE",https://www.linkedin.com/in/sara-hassan-553,https://example.com/profiles/sara_hassan_553.jpg,2025-06-29,No,No,SN000554,STC Solutions,Manufacturing,C-Level,
P00555,John,Al-Saud,Male,Cloud Architect,Full-stack developer building scalable applications,"Jeddah, Saudi Arabia",https://www.linkedin.com/in/john-al-saud-554,https://example.com/profiles/john_al-saud_554.jpg,2025-10-09,No,No,SN000555,PwC,Telecommunications,Principal,
P00556,Michael,Al-Harbi,Unspecified,Systems Administrator,Software engineer with expertise in enterprise applications,"Islamabad, Pakistan",https://www.linkedin.com/in/michael-al-harbi-555,https://example.com/profiles/michael_al-harbi_555.jpg,2025-05-31,No,No,SN000556,PwC,Healthcare IT,Lead,"MBA, INSEAD"
P00557,Lisa,Al-Mutairi,Unspecified,Senior Software Engineer,Technology leader driving innovation,"Karachi, Pakistan",https://www.linkedin.com/in/lisa-al-mutairi-556,https://example.com/profiles/lisa_al-mutairi_556.jpg,2025-07-28,No,No,SN000557,Aramco,Cloud Computing,Mid,
P00558,John,Ali,Male,Chief Technology Officer,Full-stack developer building scalable applications,"Khobar, Saudi Arabia",https://www.linkedin.com/in/john-ali-557,https://example.com/profiles/john_ali_557.jpg,2025-10-23,No,No,SN000558,TechCorp Solutions,Digital Transformation,Director,"MS Data Science, Stanford"
P00559,Jessica,Al-Mansouri,Male,Systems Administrator,DevOps engineer automating infrastructure,"Islamabad, Pakistan",https://www.linkedin.com/in/jessica-al-mansouri-558,https://example.com/profiles/jessica_al-mansouri_558.jpg,2025-08-23,No,No,SN000559,Ernst & Young,Manufacturing,Director,"MS Data Science, Stanford"
P00560,Maryam,Garcia,Female,Security Specialist,ERP implementation specialist,"Riyadh, Saudi Arabia",https://www.linkedin.com/in/maryam-garcia-559,https://example.com/profiles/maryam_garcia_559.jpg,2025-08-17,No,No,SN000560,Aramco,Oil & Energy,Mid,
P00561,John,Davis,Male,Business Analyst,DevOps engineer automating infrastructure,"Dubai, UAE",https://www.linkedin.com/in/john-davis-560,https://example.com/profiles/john_davis_560.jpg,2025-08-24,Yes,No,SN000561,TechCorp Solutions,ERP Solutions,Senior,"MS Data Science, Stanford"
P00562,Linda,Johnson,Male,Network Engineer,Cybersecurity expert protecting digital assets,"Jeddah, Saudi Arabia",https://www.linkedin.com/in/linda-johnson-561,https://example.com/profiles/linda_johnson_561.jpg,2025-09-24,No,No,SN000562,Aramco,Data Analytics,C-Level,"BS Computer Science, King Saud University"
P00563,Jennifer,Sheikh,Unspecified,Technical Lead,Data scientist passionate about analytics,"Mecca, Saudi Arabia",https://www.linkedin.com/in/jennifer-sheikh-562,https://example.com/profiles/jennifer_sheikh_562.jpg,2025-10-15,No,No,SN000563,Deloitte,Healthcare IT,Entry,"BS Computer Science, King Saud University"
P00564,William,Al-Saud,Unspecified,Product Manager,Full-stack developer building scalable applications,"Dubai, UAE",https://www.linkedin.com/in/william-al-saud-563,https://example.com/profiles/william_al-saud_563.jpg,2025-07-08,No,No,SN000564,IBM Saudi Arabia,Data Analytics,Mid,"BS Computer Science, King Saud University"
P00565,Maryam,Sheikh,Female,Data Scientist,Cybersecurity expert protecting digital assets,"Medina, Saudi Arabia",https://www.linkedin.com/in/maryam-sheikh-564,https://example.com/profiles/maryam_sheikh_564.jpg,2025-08-24,No,No,SN000565,NCB Bank,Telecommunications,VP,"BS Computer Science, King Saud University"
P00566,Ibrahim,Ahmed,Male,IT Director,ERP implementation specialist,"Dubai, UAE",https://www.linkedin.com/in/ibrahim-ahmed-565,https://example.com/profiles/ibrahim_ahmed_565.jpg,2025-09-08,No,No,SN000566,Cloud Systems,Data Analytics,C-Level,"BS Software Engineering, NUST"
P00567,John,Al-Rashid,Unspecified,Cloud Architect,DevOps engineer automating infrastructure,"Islamabad, Pakistan",https://www.linkedin.com/in/john-al-rashid-566,https://example.com/profiles/john_al-rashid_566.jpg,2025-07-23,Yes,No,SN000567,Al Rajhi Bank,ERP Solutions,Mid,"MS Information Technology, MIT"
P00568,John,Al-Mansouri,Male,Technical Lead,DevOps engineer automating infrastructure,"Lahore, Pakistan",https://www.linkedin.com/in/john-al-mansouri-567,https://example.com/profiles/john_al-mansouri_567.jpg,2025-07-06,No,No,SN000568,PwC,Manufacturing,Entry,"MS Data Science, Stanford"
P00569,Hassan,Jones,Unspecified,Senior Software Engineer,IT consultant helping businesses digital transformation,"Abu Dhabi, UAE",https://www.linkedin.com/in/hassan-jones-568,https://example.com/profiles/hassan_jones_568.jpg,2025-06-03,No,Yes,SN000569,Aramco,IT Services,VP,"MS Information Technology, MIT"
P00570,Ahmed,Garcia,Male,DevOps Engineer,Technology leader driving innovation,"Islamabad, Pakistan",https://www.linkedin.com/in/ahmed-garcia-569,https://example.com/profiles/ahmed_garcia_569.jpg,2025-11-01,No,No,SN000570,Deloitte,Digital Transformation,Director,"MS Data Science, Stanford"
P00571,Ali,Al-Rashid,Female,Cloud Architect,Technology leader driving innovation,"Khobar, Saudi Arabia",https://www.linkedin.com/in/ali-al-rashid-570,https://example.com/profiles/ali_al-rashid_570.jpg,2025-06-05,No,Yes,SN000571,IBM Saudi Arabia,Manufacturing,Senior,"BS Computer Science, King Saud University"
P00572,Thomas,Al-Mutairi,Female,Senior Software Engineer,IT consultant helping businesses digital transformation,"Riyadh, Saudi Arabia",https://www.linkedin.com/in/thomas-al-mutairi-571,https://example.com/profiles/thomas_al-mutairi_571.jpg,2025-07-28,No,No,SN000572,KPMG,Banking,Senior,"BS Software Engineering, NUST"
P00573,Khadija,Martinez,Female,Security Specialist,ERP implementation specialist,"Karachi, Pakistan",https://www.linkedin.com/in/khadija-martinez-572,https://example.com/profiles/khadija_martinez_572.jpg,2025-09-13,No,No,SN000573,TechCorp Solutions,Cybersecurity,Senior,"MS Information Technology, MIT"
P00574,Amina,Al-Ghamdi,Female,Project Manager,IT consultant helping businesses digital transformation,"Medina, Saudi Arabia",https://www.linkedin.com/in/amina-al-ghamdi-573,https://example.com/profiles/amina_al-ghamdi_573.jpg,2025-08-20,No,No,SN000574,Aramco,Fintech,Entry,"BS Computer Science, King Saud University"
P00575,Zainab,Al-Saud,Female,Chief Technology Officer,IT consultant helping businesses digital transformation,"Medina, Saudi Arabia",https://www.linkedin.com/in/zainab-al-saud-574,https://example.com/profiles/zainab_al-saud_574.jpg,2025-10-23,No,Yes,SN000575,Microsoft Saudi Arabia,Software Development,VP,"MS Data Science, Stanford"
P00576,Ahmed,Martinez,Male,Project Manager,Technology leader driving innovation,"Mecca, Saudi Arabia",https://www.linkedin.com/in/ahmed-martinez-575,https://example.com/profiles/ahmed_martinez_575.jpg,2025-07-09,Yes,No,SN000576,Accenture,Fintech,Entry,"BS Software Engineering, NUST"
P00577,Joseph,Khan,Female,Chief Technology Officer,ERP implementation specialist,"Riyadh, Saudi Arabia",https://www.linkedin.com/in/joseph-khan-576,https://example.com/profiles/joseph_khan_576.jpg,2025-08-05,No,Yes,SN000577,Aramco,Oil & Energy,C-Level,"MS Information Technology, MIT"
P00578,Amanda,Brown,Male,Product Manager,DevOps engineer automating infrastructure,"Lahore, Pakistan",https://www.linkedin.com/in/amanda-brown-577,https://example.com/profiles/amanda_brown_577.jpg,2025-07-03,No,No,SN000578,Saudi Telecom Company,Cybersecurity,Principal,"MBA, INSEAD"
P00579,Fahad,Raza,Male,Chief Information Officer,IT consultant helping businesses digital transformation,"Karachi, Pakistan",https://www.linkedin.com/in/fahad-raza-578,https://example.com/profiles/fahad_raza_578.jpg,2025-08-14,No,No,SN000579,Ernst & Young,IT Services,Lead,"MBA, INSEAD"
P00580,Sarah,Ahmed,Male,Solutions Architect,IT consultant helping businesses digital transformation,"Dammam, Saudi Arabia",https://www.linkedin.com/in/sarah-ahmed-579,https://example.com/profiles/sarah_ahmed_579.jpg,2025-06-14,No,No,SN000580,STC Solutions,Cybersecurity,VP,
P00581,Omar,Garcia,Female,Chief Information Officer,DevOps engineer automating infrastructure,"Dubai, UAE",https://www.linkedin.com/in/omar-garcia-580,https://example.com/profiles/omar_garcia_580.jpg,2025-11-04,No,Yes,SN000581,SABIC,Cybersecurity,VP,"BS Computer Science, King Saud University"
P00582,Amanda,Sheikh,Unspecified,Chief Technology Officer,Software engineer with expertise in enterprise applications,"Karachi, Pakistan",https://www.linkedin.com/in/amanda-sheikh-581,https://example.com/profiles/amanda_sheikh_581.jpg,2025-09-12,No,No,SN000582,Modern Tech,Software Development,Director,
P00583,Robert,Al-Mansouri,Male,Software Developer,Software engineer with expertise in enterprise applications,"Dubai, UAE",https://www.linkedin.com/in/robert-al-mansouri-582,https://example.com/profiles/robert_al-mansouri_582.jpg,2025-06-22,Yes,Yes,SN000583,Data Analytics Pro,IT Services,Director,
P00584,Charles,Sheikh,Male,Cloud Architect,IT consultant helping businesses digital transformation,"Karachi, Pakistan",https://www.linkedin.com/in/charles-sheikh-583,https://example.com/profiles/charles_sheikh_583.jpg,2025-10-10,No,No,SN000584,SecureNet,Oil & Energy,Mid,"MS Information Technology, MIT"
P00585,Ali,Brown,Male,Systems Administrator,Data scientist passionate about analytics,"Islamabad, Pakistan",https://www.linkedin.com/in/ali-brown-584,https://example.com/profiles/ali_brown_584.jpg,2025-09-02,Yes,No,SN000585,IBM Saudi Arabia,Software Development,VP,
P00586,Muhammad,Sheikh,Male,Senior Software Engineer,Technology leader driving innovation,"Karachi, Pakistan",https://www.linkedin.com/in/muhammad-sheikh-585,https://example.com/profiles/muhammad_sheikh_585.jpg,2025-10-09,Yes,No,SN000586,SecureNet,E-commerce,Senior,
P00587,Amanda,Al-Ghamdi,Female,Business Analyst,IT consultant helping businesses digital transformation,"Islamabad, Pakistan",https://www.linkedin.com/in/amanda-al-ghamdi-586,https://example.com/profiles/amanda_al-ghamdi_586.jpg,2025-06-25,No,Yes,SN000587,KPMG,Telecommunications,Entry,"MS Data Science, Stanford"
P00588,Ahmed,Al-Saud,Male,Solutions Architect,IT consultant helping businesses digital transformation,"Khobar, Saudi Arabia",https://www.linkedin.com/in/ahmed-al-saud-587,https://example.com/profiles/ahmed_al-saud_587.jpg,2025-08-05,Yes,No,SN000588,TechCorp Solutions,Digital Transformation,Director,
P00589,Barbara,Ali,Female,Project Manager,IT consultant helping businesses digital transformation,"Khobar, Saudi Arabia",https://www.linkedin.com/in/barbara-ali-588,https://example.com/profiles/barbara_ali_588.jpg,2025-08-31,No,No,SN000589,TechCorp Solutions,Retail,Lead,"MS Data Science, Stanford"
P00590,Charles,Malik,Female,Network Engineer,IT consultant helping businesses digital transformation,"Riyadh, Saudi Arabia",https://www.linkedin.com/in/charles-malik-589,https://example.com/profiles/charles_malik_589.jpg,2025-08-13,No,No,SN000590,Digital Ventures,Software Development,Principal,
P00591,Patricia,Davis,Male,Network Engineer,ERP implementation specialist,"Dammam, Saudi Arabia",https://www.linkedin.com/in/patricia-davis-590,https://example.com/profiles/patricia_davis_590.jpg,2025-06-21,No,No,SN000591,Saudi Telecom Company,Data Analytics,Principal,"MS Data Science, Stanford"
P00592,Ibrahim,Brown,Unspecified,Data Scientist,IT consultant helping businesses digital transformation,"Karachi, Pakistan",https://www.linkedin.com/in/ibrahim-brown-591,https://example.com/profiles/ibrahim_brown_591.jpg,2025-10-07,Yes,No,SN000592,PwC,IT Services,Lead,"MS Information Technology, MIT"
P00593,Lisa,Butt,Female,IT Director,Software engineer with expertise in enterprise applications,"Medina, Saudi Arabia",https://www.linkedin.com/in/lisa-butt-592,https://example.com/profiles/lisa_butt_592.jpg,2025-06-07,No,No,SN000593,Data Analytics Pro,Cloud Computing,Principal,
P00594,Emily,Ali,Female,Cloud Architect,Experienced IT professional specializing in cloud solutions,"Dammam, Saudi Arabia",https://www.linkedin.com/in/emily-ali-593,https://example.com/profiles/emily_ali_593.jpg,2025-09-26,No,No,SN000594,TechCorp Solutions,Digital Transformation,C-Level,"BS Computer Science, King Saud University"
P00595,Usman,Raza,Female,IT Director,IT consultant helping businesses digital transformation,"Dubai, UAE",https://www.linkedin.com/in/usman-raza-594,https://example.com/profiles/usman_raza_594.jpg,2025-09-09,No,No,SN000595,STC Solutions,Oil & Energy,Senior,
P00596,Layla,Jones,Female,Chief Technology Officer,Experienced IT professional specializing in cloud solutions,"Mecca, Saudi Arabia",https://www.linkedin.com/in/layla-jones-595,https://example.com/profiles/layla_jones_595.jpg,2025-05-19,No,No,SN000596,Oracle Saudi Arabia,ERP Solutions,VP,"MS Information Technology, MIT"
P00597,Hassan,Miller,Female,Cloud Architect,Software engineer with expertise in enterprise applications,"Lahore, Pakistan",https://www.linkedin.com/in/hassan-miller-596,https://example.com/profiles/hassan_miller_596.jpg,2025-09-27,No,No,SN000597,Ernst & Young,Healthcare IT,Mid,
P00598,Khadija,Ahmed,Female,Business Analyst,Cybersecurity expert protecting digital assets,"Jeddah, Saudi Arabia",https://www.linkedin.com/in/khadija-ahmed-597,https://example.com/profiles/khadija_ahmed_597.jpg,2025-11-04,No,No,SN000598,Ernst & Young,ERP Solutions,Mid,"MBA, INSEAD"
P00599,Michael,Brown,Female,Product Manager,Full-stack developer building scalable applications,"Abu Dhabi, UAE",https://www.linkedin.com/in/michael-brown-598,https://example.com/profiles/michael_brown_598.jpg,2025-05-19,No,No,SN000599,NCB Bank,Data Analytics,Principal,
P00600,Zainab,Shah,Male,Engineering Manager,Cybersecurity expert protecting digital assets,"Islamabad, Pakistan",https://www.linkedin.com/in/zainab-shah-599,https://example.com/profiles/zainab_shah_599.jpg,2025-08-06,Yes,No,SN000600,Modern Tech,Software Development,Senior,"MS Data Science, Stanford"
P00601,Richard,Shah,Male,Software Developer,IT consultant helping businesses digital transformation,"Medina, Saudi Arabia",https://www.linkedin.com/in/richard-shah-600,https://example.com/profiles/richard_shah_600.jpg,2025-06-01,No,Yes,SN000601,TechCorp Solutions,Telecommunications,Director,
P00602,Jennifer,Smith,Male,Network Engineer,IT director managing technology teams,"Dammam, Saudi Arabia",https://www.linkedin.com/in/jennifer-smith-601,https://example.com/profiles/jennifer_smith_601.jpg,2025-06-16,No,No,SN000602,SABIC,Oil & Energy,Principal,"MBA, INSEAD"
P00603,Usman,Garcia,Unspecified,Project Manager,Data scientist passionate about analytics,"Lahore, Pakistan",https://www.linkedin.com/in/usman-garcia-602,https://example.com/profiles/usman_garcia_602.jpg,2025-05-15,No,Yes,SN000603,SABIC,Data Analytics,VP,
P00604,Thomas,Iqbal,Unspecified,IT Director,DevOps engineer automating infrastructure,"Abu Dhabi, UAE",https://www.linkedin.com/in/thomas-iqbal-603,https://example.com/profiles/thomas_iqbal_603.jpg,2025-10-22,No,No,SN000604,Cloud Systems,Cloud Computing,Director,"MS Information Technology, MIT"
P00605,Hafsa,Hassan,Unspecified,Chief Information Officer,IT director managing technology teams,"Karachi, Pakistan",https://www.linkedin.com/in/hafsa-hassan-604,https://example.com/profiles/hafsa_hassan_604.jpg,2025-08-08,No,No,SN000605,Ernst & Young,Telecommunications,Director,"MS Data Science, Stanford"
P00606,Ibrahim,Butt,Male,Network Engineer,ERP implementation specialist,"Dubai, UAE",https://www.linkedin.com/in/ibrahim-butt-605,https://example.com/profiles/ibrahim_butt_605.jpg,2025-09-10,No,No,SN000606,SecureNet,Fintech,Entry,"BS Computer Science, King Saud University"
P00607,Noor,Sheikh,Male,Project Manager,Data scientist passionate about analytics,"Islamabad, Pakistan",https://www.linkedin.com/in/noor-sheikh-606,https://example.com/profiles/noor_sheikh_606.jpg,2025-05-19,No,Yes,SN000607,Digital Ventures,Retail,Lead,"MS Data Science, Stanford"
P00608,John,Smith,Male,Project Manager,IT director managing technology teams,"Lahore, Pakistan",https://www.linkedin.com/in/john-smith-607,https://example.com/profiles/john_smith_607.jpg,2025-07-21,No,Yes,SN000608,Oracle Saudi Arabia,Manufacturing,Mid,"BS Computer Science, King Saud University"
P00609,Jennifer,Malik,Female,Project Manager,IT director managing technology teams,"Medina, Saudi Arabia",https://www.linkedin.com/in/jennifer-malik-608,https://example.com/profiles/jennifer_malik_608.jpg,2025-10-07,Yes,No,SN000609,Accenture,Software Development,VP,"MS Data Science, Stanford"
P00610,Barbara,Shah,Unspecified,Senior Software Engineer,IT director managing technology teams,"Karachi, Pakistan",https://www.linkedin.com/in/barbara-shah-609,https://example.com/profiles/barbara_shah_609.jpg,2025-07-29,Yes,No,SN000610,TechCorp Solutions,Cybersecurity,Principal,"MBA, INSEAD"
P00611,Patricia,Al-Harbi,Unspecified,Engineering Manager,Full-stack developer building scalable applications,"Khobar, Saudi Arabia",https://www.linkedin.com/in/patricia-al-harbi-610,https://example.com/profiles/patricia_al-harbi_610.jpg,2025-09-04,No,No,SN000611,Deloitte,Manufacturing,VP,"BS Software Engineering, NUST"
P00612,Michael,Al-Otaibi,Unspecified,Data Scientist,IT director managing technology teams,"Jeddah, Saudi Arabia",https://www.linkedin.com/in/michael-al-otaibi-611,https://example.com/profiles/michael_al-otaibi_611.jpg,2025-10-07,No,No,SN000612,Accenture,Digital Transformation,Entry,"MS Data Science, Stanford"
P00613,Ali,Davis,Unspecified,Solutions Architect,IT consultant helping businesses digital transformation,"Lahore, Pakistan",https://www.linkedin.com/in/ali-davis-612,https://example.com/profiles/ali_davis_612.jpg,2025-09-10,No,No,SN000613,Aramco,Telecommunications,Lead,
P00614,Amina,Iqbal,Female,Security Specialist,IT director managing technology teams,"Abu Dhabi, UAE",https://www.linkedin.com/in/amina-iqbal-613,https://example.com/profiles/amina_iqbal_613.jpg,2025-10-14,No,Yes,SN000614,Ernst & Young,Fintech,Senior,
P00615,Michelle,Al-Ghamdi,Male,IT Director,Cybersecurity expert protecting digital assets,"Abu Dhabi, UAE",https://www.linkedin.com/in/michelle-al-ghamdi-614,https://example.com/profiles/michelle_al-ghamdi_614.jpg,2025-05-30,No,No,SN000615,SecureNet,Retail,Principal,"BS Software Engineering, NUST"
P00616,Hassan,Garcia,Unspecified,Business Analyst,IT consultant helping businesses digital transformation,"Riyadh, Saudi Arabia",https://www.linkedin.com/in/hassan-garcia-615,https://example.com/profiles/hassan_garcia_615.jpg,2025-10-20,No,No,SN000616,Enterprise Solutions,Cybersecurity,Entry,"MBA, INSEAD"
P00617,Emily,Al-Zahrani,Female,IT Director,Cybersecurity expert protecting digital assets,"Islamabad, Pakistan",https://www.linkedin.com/in/emily-al-zahrani-616,https://example.com/profiles/emily_al-zahrani_616.jpg,2025-10-26,No,No,SN000617,STC Solutions,Software Development,C-Level,
P00618,Barbara,Malik,Male,Business Analyst,Experienced IT professional specializing in cloud solutions,"Karachi, Pakistan",https://www.linkedin.com/in/barbara-malik-617,https://example.com/profiles/barbara_malik_617.jpg,2025-08-08,No,No,SN000618,Accenture,Cybersecurity,Senior,
P00619,Lisa,Miller,Female,Network Engineer,DevOps engineer automating infrastructure,"Khobar, Saudi Arabia",https://www.linkedin.com/in/lisa-miller-618,https://example.com/profiles/lisa_miller_618.jpg,2025-07-14,No,No,SN000619,Deloitte,E-commerce,Senior,"BS Computer Science, King Saud University"
P00620,Layla,Sheikh,Female,Engineering Manager,Technology leader driving innovation,"Jeddah, Saudi Arabia",https://www.linkedin.com/in/layla-sheikh-619,https://example.com/profiles/layla_sheikh_619.jpg,2025-06-10,No,No,SN000620,Microsoft Saudi Arabia,Retail,Senior,"BS Software Engineering, NUST"
P00621,Sarah,Al-Otaibi,Female,Chief Information Officer,Full-stack developer building scalable applications,"Khobar, Saudi Arabia",https://www.linkedin.com/in/sarah-al-otaibi-620,https://example.com/profiles/sarah_al-otaibi_620.jpg,2025-05-15,No,No,SN000621,Al Rajhi Bank,Digital Transformation,VP,"MS Information Technology, MIT"
P00622,Charles,Hassan,Male,Technical Lead,Cybersecurity expert protecting digital assets,"Riyadh, Saudi Arabia",https://www.linkedin.com/in/charles-hassan-621,https://example.com/profiles/charles_hassan_621.jpg,2025-07-03,No,No,SN000622,Digital Ventures,IT Services,C-Level,"MBA, INSEAD"
P00623,Noor,Al-Otaibi,Unspecified,Cloud Architect,ERP implementation specialist,"Karachi, Pakistan",https://www.linkedin.com/in/noor-al-otaibi-622,https://example.com/profiles/noor_al-otaibi_622.jpg,2025-09-21,No,No,SN000623,Oracle Saudi Arabia,Cloud Computing,VP,"BS Software Engineering, NUST"
P00624,Ali,Ahmed,Male,Security Specialist,Software engineer with expertise in enterprise applications,"Dammam, Saudi Arabia",https://www.linkedin.com/in/ali-ahmed-623,https://example.com/profiles/ali_ahmed_623.jpg,2025-07-02,No,No,SN000624,Cloud Systems,E-commerce,Senior,"BS Computer Science, King Saud University"
P00625,James,Brown,Unspecified,Chief Information Officer,Full-stack developer building scalable applications,"Riyadh, Saudi Arabia",https://www.linkedin.com/in/james-brown-624,https://example.com/profiles/james_brown_624.jpg,2025-09-18,No,No,SN000625,PwC,Cloud Computing,Mid,"MS Data Science, Stanford"
P00626,Aisha,Al-Mutairi,Female,Network Engineer,Software engineer with expertise in enterprise applications,"Dubai, UAE",https://www.linkedin.com/in/aisha-al-mutairi-625,https://example.com/profiles/aisha_al-mutairi_625.jpg,2025-07-30,No,No,SN000626,KPMG,Software Development,Lead,"MBA, INSEAD"
P00627,Sarah,Al-Rashid,Unspecified,IT Consultant,Technology leader driving innovation,"Khobar, Saudi Arabia",https://www.linkedin.com/in/sarah-al-rashid-626,https://example.com/profiles/sarah_al-rashid_626.jpg,2025-10-05,No,Yes,SN000627,TechCorp Solutions,Oil & Energy,Entry,"MS Data Science, Stanford"
P00628,Thomas,Williams,Female,Software Developer,Experienced IT professional specializing in cloud solutions,"Riyadh, Saudi Arabia",https://www.linkedin.com/in/thomas-williams-627,https://example.com/profiles/thomas_williams_627.jpg,2025-07-28,No,No,SN000628,Microsoft Saudi Arabia,Software Development,VP,"MBA, INSEAD"
P00629,Maryam,Al-Rashid,Unspecified,Engineering Manager,Full-stack developer building scalable applications,"Islamabad, Pakistan",https://www.linkedin.com/in/maryam-al-rashid-628,https://example.com/profiles/maryam_al-rashid_628.jpg,2025-06-22,Yes,Yes,SN000629,TechCorp Solutions,Retail,Mid,
P00630,Fatima,Malik,Male,Business Analyst,Cybersecurity expert protecting digital assets,"Lahore, Pakistan",https://www.linkedin.com/in/fatima-malik-629,https://example.com/profiles/fatima_malik_629.jpg,2025-07-23,No,No,SN000630,PwC,E-commerce,Senior,"MBA, INSEAD"
P00631,Amanda,Davis,Female,Senior Software Engineer,Software engineer with expertise in enterprise applications,"Medina, Saudi Arabia",https://www.linkedin.com/in/amanda-davis-630,https://example.com/profiles/amanda_davis_630.jpg,2025-07-14,No,Yes,SN000631,Deloitte,Data Analytics,Entry,
P00632,Thomas,Garcia,Male,Chief Technology Officer,Cybersecurity expert protecting digital assets,"Lahore, Pakistan",https://www.linkedin.com/in/thomas-garcia-631,https://example.com/profiles/thomas_garcia_631.jpg,2025-07-31,Yes,No,SN000632,KPMG,Software Development,Mid,
P00633,Layla,Johnson,Male,Cloud Architect,Data scientist passionate about analytics,"Dubai, UAE",https://www.linkedin.com/in/layla-johnson-632,https://example.com/profiles/layla_johnson_632.jpg,2025-09-08,No,No,SN000633,TechCorp Solutions,Healthcare IT,Entry,"BS Software Engineering, NUST"
P00634,James,Ahmed,Male,Chief Information Officer,ERP implementation specialist,"Jeddah, Saudi Arabia",https://www.linkedin.com/in/james-ahmed-633,https://example.com/profiles/james_ahmed_633.jpg,2025-10-10,No,Yes,SN000634,Saudi Telecom Company,Telecommunications,Senior,"BS Computer Science, King Saud University"
P00635,Lisa,Al-Ghamdi,Male,DevOps Engineer,Full-stack developer building scalable applications,"Dubai, UAE",https://www.linkedin.com/in/lisa-al-ghamdi-634,https://example.com/profiles/lisa_al-ghamdi_634.jpg,2025-10-15,No,No,SN000635,Al Rajhi Bank,Digital Transformation,C-Level,
P00636,Muhammad,Al-Saud,Female,Solutions Architect,Technology leader driving innovation,"Mecca, Saudi Arabia",https://www.linkedin.com/in/muhammad-al-saud-635,https://example.com/profiles/muhammad_al-saud_635.jpg,2025-06-06,No,No,SN000636,Enterprise Solutions,Software Development,Mid,"MBA, INSEAD"
P00637,Sara,Butt,Male,Systems Administrator,Software engineer with expertise in enterprise applications,"Medina, Saudi Arabia",https://www.linkedin.com/in/sara-butt-636,https://example.com/profiles/sara_butt_636.jpg,2025-08-21,No,Yes,SN000637,Saudi Telecom Company,Data Analytics,Director,"BS Software Engineering, NUST"
P00638,Khadija,Martinez,Unspecified,Engineering Manager,Full-stack developer building scalable applications,"Islamabad, Pakistan",https://www.linkedin.com/in/khadija-martinez-637,https://example.com/profiles/khadija_martinez_637.jpg,2025-06-01,No,No,SN000638,NCB Bank,Banking,Senior,
P00639,David,Sheikh,Unspecified,IT Director,IT consultant helping businesses digital transformation,"Mecca, Saudi Arabia",https://www.linkedin.com/in/david-sheikh-638,https://example.com/profiles/david_sheikh_638.jpg,2025-09-02,No,No,SN000639,Deloitte,Cloud Computing,Principal,"MS Information Technology, MIT"
P00640,Linda,Al-Mutairi,Male,Chief Information Officer,IT director managing technology teams,"Medina, Saudi Arabia",https://www.linkedin.com/in/linda-al-mutairi-639,https://example.com/profiles/linda_al-mutairi_639.jpg,2025-06-25,No,No,SN000640,Data Analytics Pro,Cloud Computing,Lead,
P00641,Amina,Ahmed,Female,Engineering Manager,Technology leader driving innovation,"Lahore, Pakistan",https://www.linkedin.com/in/amina-ahmed-640,https://example.com/profiles/amina_ahmed_640.jpg,2025-10-18,No,No,SN000641,KPMG,Digital Transformation,C-Level,"MS Information Technology, MIT"
P00642,Barbara,Hassan,Male,Security Specialist,Full-stack developer building scalable applications,"Medina, Saudi Arabia",https://www.linkedin.com/in/barbara-hassan-641,https://example.com/profiles/barbara_hassan_641.jpg,2025-10-07,No,No,SN000642,Saudi Telecom Company,Cloud Computing,Entry,"MS Information Technology, MIT"
P00643,Michael,Al-Mutairi,Female,Solutions Architect,Experienced IT professional specializing in cloud solutions,"Medina, Saudi Arabia",https://www.linkedin.com/in/michael-al-mutairi-642,https://example.com/profiles/michael_al-mutairi_642.jpg,2025-08-22,No,No,SN000643,STC Solutions,Data Analytics,Senior,"MS Information Technology, MIT"
P00644,Jessica,Butt,Unspecified,Network Engineer,Software engineer with expertise in enterprise applications,"Islamabad, Pakistan",https://www.linkedin.com/in/jessica-butt-643,https://example.com/profiles/jessica_butt_643.jpg,2025-05-08,No,Yes,SN000644,KPMG,Retail,VP,"MBA, INSEAD"
P00645,Khadija,Al-Rashid,Unspecified,Software Developer,Experienced IT professional specializing in cloud solutions,"Khobar, Saudi Arabia",https://www.linkedin.com/in/khadija-al-rashid-644,https://example.com/profiles/khadija_al-rashid_644.jpg,2025-06-20,No,No,SN000645,Data Analytics Pro,Data Analytics,Mid,"BS Computer Science, King Saud University"
P00646,John,Martinez,Female,Solutions Architect,Experienced IT professional specializing in cloud solutions,"Khobar, Saudi Arabia",https://www.linkedin.com/in/john-martinez-645,https://example.com/profiles/john_martinez_645.jpg,2025-07-03,No,No,SN000646,KPMG,Digital Transformation,Lead,"MS Data Science, Stanford"
P00647,Muhammad,Davis,Female,Project Manager,DevOps engineer automating infrastructure,"Riyadh, Saudi Arabia",https://www.linkedin.com/in/muhammad-davis-646,https://example.com/profiles/muhammad_davis_646.jpg,2025-08-07,Yes,No,SN000647,Ernst & Young,Healthcare IT,Lead,
P00648,Richard,Khan,Female,Database Administrator,Data scientist passionate about analytics,"Abu Dhabi, UAE",https://www.linkedin.com/in/richard-khan-647,https://example.com/profiles/richard_khan_647.jpg,2025-09-12,No,No,SN000648,KPMG,ERP Solutions,C-Level,"BS Software Engineering, NUST"
P00649,Ahmed,Jones,Unspecified,Chief Information Officer,DevOps engineer automating infrastructure,"Medina, Saudi Arabia",https://www.linkedin.com/in/ahmed-jones-648,https://example.com/profiles/ahmed_jones_648.jpg,2025-07-07,No,No,SN000649,Modern Tech,Telecommunications,Senior,
P00650,Michelle,Jones,Unspecified,Cloud Architect,Cybersecurity expert protecting digital assets,"Jeddah, Saudi Arabia",https://www.linkedin.com/in/michelle-jones-649,https://example.com/profiles/michelle_jones_649.jpg,2025-10-02,No,No,SN000650,Modern Tech,Manufacturing,C-Level,
P00651,Khadija,Hassan,Female,Systems Administrator,Full-stack developer building scalable applications,"Khobar, Saudi Arabia",https://www.linkedin.com/in/khadija-hassan-650,https://example.com/profiles/khadija_hassan_650.jpg,2025-05-17,No,No,SN000651,SABIC,Data Analytics,Senior,"BS Software Engineering, NUST"
P00652,Michael,Rodriguez,Unspecified,Data Scientist,Experienced IT professional specializing in cloud solutions,"Lahore, Pakistan",https://www.linkedin.com/in/michael-rodriguez-651,https://example.com/profiles/michael_rodriguez_651.jpg,2025-05-21,No,No,SN000652,IBM Saudi Arabia,Oil & Energy,Lead,
P00653,Sarah,Martinez,Female,Software Developer,Cybersecurity expert protecting digital assets,"Islamabad, Pakistan",https://www.linkedin.com/in/sarah-martinez-652,https://example.com/profiles/sarah_martinez_652.jpg,2025-06-07,No,No,SN000653,Aramco,Telecommunications,Senior,
P00654,Amina,Butt,Male,Solutions Architect,Technology leader driving innovation,"Islamabad, Pakistan",https://www.linkedin.com/in/amina-butt-653,https://example.com/profiles/amina_butt_653.jpg,2025-08-02,No,Yes,SN000654,Enterprise Solutions,Banking,Entry,
P00655,Emily,Al-Rashid,Female,Product Manager,Data scientist passionate about analytics,"Abu Dhabi, UAE",https://www.linkedin.com/in/emily-al-rashid-654,https://example.com/profiles/emily_al-rashid_654.jpg,2025-09-22,No,No,SN000655,Deloitte,Telecommunications,Entry,"MS Information Technology, MIT"
P00656,Noor,Hussain,Female,Security Specialist,Experienced IT professional specializing in cloud solutions,"Riyadh, Saudi Arabia",https://www.linkedin.com/in/noor-hussain-655,https://example.com/profiles/noor_hussain_655.jpg,2025-11-04,No,Yes,SN000656,IT Innovations,Cybersecurity,Mid,"MS Data Science, Stanford"
P00657,Saeed,Al-Zahrani,Female,DevOps Engineer,Software engineer with expertise in enterprise applications,"Riyadh, Saudi Arabia",https://www.linkedin.com/in/saeed-al-zahrani-656,https://example.com/profiles/saeed_al-zahrani_656.jpg,2025-09-19,No,Yes,SN000657,Data Analytics Pro,Retail,Senior,"BS Software Engineering, NUST"
P00658,Jennifer,Al-Rashid,Male,Chief Information Officer,Cybersecurity expert protecting digital assets,"Medina, Saudi Arabia",https://www.linkedin.com/in/jennifer-al-rashid-657,https://example.com/profiles/jennifer_al-rashid_657.jpg,2025-07-26,No,No,SN000658,IT Innovations,ERP Solutions,Lead,"MS Data Science, Stanford"
P00659,Layla,Al-Otaibi,Male,Engineering Manager,IT director managing technology teams,"Lahore, Pakistan",https://www.linkedin.com/in/layla-al-otaibi-658,https://example.com/profiles/layla_al-otaibi_658.jpg,2025-06-12,No,No,SN000659,Enterprise Solutions,ERP Solutions,VP,
P00660,Khalid,Davis,Male,Network Engineer,Software engineer with expertise in enterprise applications,"Riyadh, Saudi Arabia",https://www.linkedin.com/in/khalid-davis-659,https://example.com/profiles/khalid_davis_659.jpg,2025-08-22,No,No,SN000660,KPMG,IT Services,Mid,
P00661,John,Ahmed,Unspecified,Technical Lead,Full-stack developer building scalable applications,"Medina, Saudi Arabia",https://www.linkedin.com/in/john-ahmed-660,https://example.com/profiles/john_ahmed_660.jpg,2025-07-08,No,No,SN000661,STC Solutions,Cybersecurity,Mid,"BS Computer Science, King Saud University"
P00662,Ibrahim,Raza,Male,IT Director,DevOps engineer automating infrastructure,"Medina, Saudi Arabia",https://www.linkedin.com/in/ibrahim-raza-661,https://example.com/profiles/ibrahim_raza_661.jpg,2025-05-31,No,No,SN000662,Ernst & Young,Healthcare IT,Mid,"MS Data Science, Stanford"
P00663,Jessica,Hassan,Male,IT Consultant,Cybersecurity expert protecting digital assets,"Abu Dhabi, UAE",https://www.linkedin.com/in/jessica-hassan-662,https://example.com/profiles/jessica_hassan_662.jpg,2025-07-15,No,Yes,SN000663,Deloitte,E-commerce,Principal,"MS Information Technology, MIT"
P00664,Joseph,Shah,Female,Chief Information Officer,Experienced IT professional specializing in cloud solutions,"Dubai, UAE",https://www.linkedin.com/in/joseph-shah-663,https://example.com/profiles/joseph_shah_663.jpg,2025-07-29,Yes,No,SN000664,Data Analytics Pro,Software Development,C-Level,"BS Software Engineering, NUST"
P00665,James,Hussain,Unspecified,Cloud Architect,Full-stack developer building scalable applications,"Dubai, UAE",https://www.linkedin.com/in/james-hussain-664,https://example.com/profiles/james_hussain_664.jpg,2025-08-18,No,No,SN000665,SecureNet,Banking,Senior,"MS Information Technology, MIT"
P00666,Aisha,Al-Otaibi,Unspecified,Security Specialist,DevOps engineer automating infrastructure,"Jeddah, Saudi Arabia",https://www.linkedin.com/in/aisha-al-otaibi-665,https://example.com/profiles/aisha_al-otaibi_665.jpg,2025-10-26,No,No,SN000666,Modern Tech,Telecommunications,Mid,"MS Data Science, Stanford"
P00667,Richard,Al-Harbi,Unspecified,IT Consultant,Full-stack developer building scalable applications,"Khobar, Saudi Arabia",https://www.linkedin.com/in/richard-al-harbi-666,https://example.com/profiles/richard_al-harbi_666.jpg,2025-10-18,No,No,SN000667,TechCorp Solutions,ERP Solutions,Entry,
P00668,Muhammad,Hussain,Unspecified,Solutions Architect,IT director managing technology teams,"Karachi, Pakistan",https://www.linkedin.com/in/muhammad-hussain-667,https://example.com/profiles/muhammad_hussain_667.jpg,2025-09-25,No,No,SN000668,IBM Saudi Arabia,Cybersecurity,Senior,
P00669,Saeed,Rodriguez,Male,DevOps Engineer,Cybersecurity expert protecting digital assets,"Dammam, Saudi Arabia",https://www.linkedin.com/in/saeed-rodriguez-668,https://example.com/profiles/saeed_rodriguez_668.jpg,2025-10-19,No,No,SN000669,Accenture,IT Services,C-Level,"MS Data Science, Stanford"
P00670,Ali,Raza,Male,Network Engineer,IT director managing technology teams,"Riyadh, Saudi Arabia",https://www.linkedin.com/in/ali-raza-669,https://example.com/profiles/ali_raza_669.jpg,2025-05-15,No,No,SN000670,KPMG,E-commerce,Lead,
P00671,Jessica,Davis,Unspecified,IT Consultant,DevOps engineer automating infrastructure,"Dammam, Saudi Arabia",https://www.linkedin.com/in/jessica-davis-670,https://example.com/profiles/jessica_davis_670.jpg,2025-09-04,No,No,SN000671,Al Rajhi Bank,Retail,Entry,
P00672,Omar,Al-Otaibi,Female,Data Scientist,Technology leader driving innovation,"Jeddah, Saudi Arabia",https://www.linkedin.com/in/omar-al-otaibi-671,https://example.com/profiles/omar_al-otaibi_671.jpg,2025-06-26,No,Yes,SN000672,Cloud Systems,Fintech,Senior,
P00673,David,Al-Rashid,Male,Solutions Architect,IT consultant helping businesses digital transformation,"Khobar, Saudi Arabia",https://www.linkedin.com/in/david-al-rashid-672,https://example.com/profiles/david_al-rashid_672.jpg,2025-05-14,No,Yes,SN000673,Enterprise Solutions,Healthcare IT,Mid,"MS Data Science, Stanford"
P00674,Khalid,Johnson,Unspecified,IT Consultant,Experienced IT professional specializing in cloud solutions,"Mecca, Saudi Arabia",https://www.linkedin.com/in/khalid-johnson-673,https://example.com/profiles/khalid_johnson_673.jpg,2025-10-14,No,No,SN000674,Data Analytics Pro,Telecommunications,Director,"BS Computer Science, King Saud University"
P00675,Barbara,Hassan,Male,IT Consultant,IT consultant helping businesses digital transformation,"Dubai, UAE",https://www.linkedin.com/in/barbara-hassan-674,https://example.com/profiles/barbara_hassan_674.jpg,2025-07-07,No,No,SN000675,Deloitte,Oil & Energy,Entry,"MS Data Science, Stanford"
P00676,Michael,Malik,Unspecified,Security Specialist,Technology leader driving innovation,"Mecca, Saudi Arabia",https://www.linkedin.com/in/michael-malik-675,https://example.com/profiles/michael_malik_675.jpg,2025-10-21,No,No,SN000676,PwC,Digital Transformation,Director,"BS Computer Science, King Saud University"
P00677,Joseph,Johnson,Unspecified,Systems Administrator,Experienced IT professional specializing in cloud solutions,"Mecca, Saudi Arabia",https://www.linkedin.com/in/joseph-johnson-676,https://example.com/profiles/joseph_johnson_676.jpg,2025-05-22,No,No,SN000677,IT Innovations,Oil & Energy,C-Level,"MS Information Technology, MIT"
P00678,Charles,Al-Harbi,Male,Technical Lead,IT director managing technology teams,"Karachi, Pakistan",https://www.linkedin.com/in/charles-al-harbi-677,https://example.com/profiles/charles_al-harbi_677.jpg,2025-10-04,No,No,SN000678,Oracle Saudi Arabia,IT Services,Mid,
P00679,Amanda,Al-Harbi,Unspecified,Product Manager,Experienced IT professional specializing in cloud solutions,"Karachi, Pakistan",https://www.linkedin.com/in/amanda-al-harbi-678,https://example.com/profiles/amanda_al-harbi_678.jpg,2025-08-20,No,Yes,SN000679,SABIC,ERP Solutions,Entry,
P00680,Barbara,Davis,Male,Software Developer,Cybersecurity expert protecting digital assets,"Riyadh, Saudi Arabia",https://www.linkedin.com/in/barbara-davis-679,https://example.com/profiles/barbara_davis_679.jpg,2025-06-11,No,No,SN000680,Cloud Systems,Retail,C-Level,"BS Software Engineering, NUST"
P00681,William,Davis,Male,Database Administrator,IT director managing technology teams,"Karachi, Pakistan",https://www.linkedin.com/in/william-davis-680,https://example.com/profiles/william_davis_680.jpg,2025-08-18,No,No,SN000681,Microsoft Saudi Arabia,Telecommunications,Entry,"MBA, INSEAD"
P00682,Layla,Brown,Male,IT Director,ERP implementation specialist,"Dammam, Saudi Arabia",https://www.linkedin.com/in/layla-brown-681,https://example.com/profiles/layla_brown_681.jpg,2025-06-08,Yes,No,SN000682,Microsoft Saudi Arabia,Banking,Principal,"MS Data Science, Stanford"
P00683,Aisha,Ahmed,Unspecified,Business Analyst,Experienced IT professional specializing in cloud solutions,"Lahore, Pakistan",https://www.linkedin.com/in/aisha-ahmed-682,https://example.com/profiles/aisha_ahmed_682.jpg,2025-08-28,No,No,SN000683,PwC,E-commerce,Mid,"MBA, INSEAD"
P00684,Hafsa,Al-Rashid,Unspecified,Cloud Architect,Technology leader driving innovation,"Khobar, Saudi Arabia",https://www.linkedin.com/in/hafsa-al-rashid-683,https://example.com/profiles/hafsa_al-rashid_683.jpg,2025-08-29,No,No,SN000684,Digital Ventures,Telecommunications,Principal,"MS Data Science, Stanford"
P00685,Linda,Al-Saud,Female,Database Administrator,Technology leader driving innovation,"Khobar, Saudi Arabia",https://www.linkedin.com/in/linda-al-saud-684,https://example.com/profiles/linda_al-saud_684.jpg,2025-10-18,No,No,SN000685,Aramco,Data Analytics,VP,"BS Software Engineering, NUST"
P00686,Jessica,Butt,Male,Engineering Manager,IT consultant helping businesses digital transformation,"Islamabad, Pakistan",https://www.linkedin.com/in/jessica-butt-685,https://example.com/profiles/jessica_butt_685.jpg,2025-10-22,Yes,No,SN000686,Deloitte,Software Development,Lead,
P00687,Patricia,Johnson,Female,Engineering Manager,IT director managing technology teams,"Karachi, Pakistan",https://www.linkedin.com/in/patricia-johnson-686,https://example.com/profiles/patricia_johnson_686.jpg,2025-07-20,No,No,SN000687,PwC,Retail,VP,"MS Information Technology, MIT"
P00688,Noor,Miller,Unspecified,Engineering Manager,Data scientist passionate about analytics,"Islamabad, Pakistan",https://www.linkedin.com/in/noor-miller-687,https://example.com/profiles/noor_miller_687.jpg,2025-07-13,No,No,SN000688,Data Analytics Pro,E-commerce,Senior,"MS Data Science, Stanford"
P00689,Patricia,Martinez,Female,Systems Administrator,ERP implementation specialist,"Lahore, Pakistan",https://www.linkedin.com/in/patricia-martinez-688,https://example.com/profiles/patricia_martinez_688.jpg,2025-09-05,No,No,SN000689,Ernst & Young,Digital Transformation,Mid,"MBA, INSEAD"
P00690,Jennifer,Malik,Female,IT Director,IT consultant helping businesses digital transformation,"Dammam, Saudi Arabia",https://www.linkedin.com/in/jennifer-malik-689,https://example.com/profiles/jennifer_malik_689.jpg,2025-06-13,No,No,SN000690,Enterprise Solutions,Cybersecurity,VP,"BS Computer Science, King Saud University"
P00691,Fahad,Davis,Unspecified,Data Scientist,Technology leader driving innovation,"Karachi, Pakistan",https://www.linkedin.com/in/fahad-davis-690,https://example.com/profiles/fahad_davis_690.jpg,2025-10-20,No,No,SN000691,STC Solutions,Healthcare IT,C-Level,"BS Computer Science, King Saud University"
P00692,Barbara,Rodriguez,Female,Cloud Architect,Experienced IT professional specializing in cloud solutions,"Mecca, Saudi Arabia",https://www.linkedin.com/in/barbara-rodriguez-691,https://example.com/profiles/barbara_rodriguez_691.jpg,2025-06-30,No,No,SN000692,Data Analytics Pro,Cloud Computing,Director,"MS Data Science, Stanford"
P00693,Michelle,Miller,Female,Systems Administrator,Software engineer with expertise in enterprise applications,"Riyadh, Saudi Arabia",https://www.linkedin.com/in/michelle-miller-692,https://example.com/profiles/michelle_miller_692.jpg,2025-05-15,No,No,SN000693,Ernst & Young,Digital Transformation,C-Level,"BS Software Engineering, NUST"
P00694,Sarah,Khan,Female,Business Analyst,Experienced IT professional specializing in cloud solutions,"Khobar, Saudi Arabia",https://www.linkedin.com/in/sarah-khan-693,https://example.com/profiles/sarah_khan_693.jpg,2025-10-03,No,No,SN000694,STC Solutions,Telecommunications,Director,"BS Software Engineering, NUST"
P00695,Khadija,Sheikh,Unspecified,Senior Software Engineer,Cybersecurity expert protecting digital assets,"Riyadh, Saudi Arabia",https://www.linkedin.com/in/khadija-sheikh-694,https://example.com/profiles/khadija_sheikh_694.jpg,2025-06-01,No,No,SN000695,Aramco,Cybersecurity,Senior,"MS Data Science, Stanford"
P00696,Hassan,Iqbal,Male,Product Manager,Software engineer with expertise in enterprise applications,"Dubai, UAE",https://www.linkedin.com/in/hassan-iqbal-695,https://example.com/profiles/hassan_iqbal_695.jpg,2025-06-12,No,Yes,SN000696,Data Analytics Pro,Healthcare IT,C-Level,
P00697,Sarah,Smith,Female,Chief Technology Officer,IT director managing technology teams,"Dubai, UAE",https://www.linkedin.com/in/sarah-smith-696,https://example.com/profiles/sarah_smith_696.jpg,2025-06-08,No,Yes,SN000697,Digital Ventures,Software Development,VP,
P00698,Maryam,Butt,Female,Technical Lead,Experienced IT professional specializing in cloud solutions,"Khobar, Saudi Arabia",https://www.linkedin.com/in/maryam-butt-697,https://example.com/profiles/maryam_butt_697.jpg,2025-06-09,No,No,SN000698,NCB Bank,Manufacturing,Entry,"MBA, INSEAD"
P00699,Jessica,Johnson,Male,Solutions Architect,Data scientist passionate about analytics,"Mecca, Saudi Arabia",https://www.linkedin.com/in/jessica-johnson-698,https://example.com/profiles/jessica_johnson_698.jpg,2025-07-01,No,Yes,SN000699,PwC,Healthcare IT,Entry,"MS Information Technology, MIT"
P00700,James,Al-Saud,Female,Engineering Manager,Software engineer with expertise in enterprise applications,"Jeddah, Saudi Arabia",https://www.linkedin.com/in/james-al-saud-699,https://example.com/profiles/james_al-saud_699.jpg,2025-05-12,No,No,SN000700,SABIC,Oil & Energy,Senior,"MS Data Science, Stanford"
P00701,Fatima,Rodriguez,Female,DevOps Engineer,Experienced IT professional specializing in cloud solutions,"Medina, Saudi Arabia",https://www.linkedin.com/in/fatima-rodriguez-700,https://example.com/profiles/fatima_rodriguez_700.jpg,2025-07-18,No,No,SN000701,KPMG,IT Services,Lead,
P00702,Joseph,Garcia,Female,Chief Information Officer,Full-stack developer building scalable applications,"Jeddah, Saudi Arabia",https://www.linkedin.com/in/joseph-garcia-701,https://example.com/profiles/joseph_garcia_701.jpg,2025-08-24,Yes,No,SN000702,Ernst & Young,Data Analytics,Principal,
P00703,Sara,Raza,Male,Product Manager,Technology leader driving innovation,"Dammam, Saudi Arabia",https://www.linkedin.com/in/sara-raza-702,https://example.com/profiles/sara_raza_702.jpg,2025-09-12,No,Yes,SN000703,SABIC,Cloud Computing,VP,"MBA, INSEAD"
P00704,Amanda,Davis,Male,Chief Technology Officer,Full-stack developer building scalable applications,"Jeddah, Saudi Arabia",https://www.linkedin.com/in/amanda-davis-703,https://example.com/profiles/amanda_davis_703.jpg,2025-09-13,No,No,SN000704,IBM Saudi Arabia,E-commerce,Entry,"BS Computer Science, King Saud University"
P00705,Hassan,Miller,Male,Chief Information Officer,IT director managing technology teams,"Jeddah, Saudi Arabia",https://www.linkedin.com/in/hassan-miller-704,https://example.com/profiles/hassan_miller_704.jpg,2025-09-25,No,No,SN000705,PwC,IT Services,Senior,"MS Data Science, Stanford"
P00706,Richard,Ali,Female,Cloud Architect,Technology leader driving innovation,"Dubai, UAE",https://www.linkedin.com/in/richard-ali-705,https://example.com/profiles/richard_ali_705.jpg,2025-05-18,No,No,SN000706,Oracle Saudi Arabia,Telecommunications,VP,"MBA, INSEAD"
P00707,Robert,Iqbal,Male,Security Specialist,Cybersecurity expert protecting digital assets,"Jeddah, Saudi Arabia",https://www.linkedin.com/in/robert-iqbal-706,https://example.com/profiles/robert_iqbal_706.jpg,2025-05-14,No,Yes,SN000707,Cloud Systems,Telecommunications,Principal,
P00708,Emily,Al-Saud,Unspecified,IT Consultant,Data scientist passionate about analytics,"Dubai, UAE",https://www.linkedin.com/in/emily-al-saud-707,https://example.com/profiles/emily_al-saud_707.jpg,2025-08-24,No,Yes,SN000708,Saudi Telecom Company,ERP Solutions,Mid,
P00709,Saeed,Miller,Unspecified,Systems Administrator,Cybersecurity expert protecting digital assets,"Lahore, Pakistan",https://www.linkedin.com/in/saeed-miller-708,https://example.com/profiles/saeed_miller_708.jpg,2025-05-31,No,No,SN000709,Data Analytics Pro,IT Services,VP,"MS Information Technology, MIT"
P00710,Lisa,Williams,Male,Database Administrator,ERP implementation specialist,"Islamabad, Pakistan",https://www.linkedin.com/in/lisa-williams-709,https://example.com/profiles/lisa_williams_709.jpg,2025-06-17,No,No,SN000710,IBM Saudi Arabia,Cloud Computing,VP,"BS Computer Science, King Saud University"
P00711,Jessica,Brown,Male,Project Manager,DevOps engineer automating infrastructure,"Riyadh, Saudi Arabia",https://www.linkedin.com/in/jessica-brown-710,https://example.com/profiles/jessica_brown_710.jpg,2025-09-16,No,No,SN000711,KPMG,ERP Solutions,Entry,"BS Computer Science, King Saud University"
P00712,Muhammad,Al-Rashid,Female,Product Manager,Cybersecurity expert protecting digital assets,"Islamabad, Pakistan",https://www.linkedin.com/in/muhammad-al-rashid-711,https://example.com/profiles/muhammad_al-rashid_711.jpg,2025-07-25,No,No,SN000712,KPMG,IT Services,VP,
P00713,Michael,Miller,Male,Solutions Architect,Cybersecurity expert protecting digital assets,"Medina, Saudi Arabia",https://www.linkedin.com/in/michael-miller-712,https://example.com/profiles/michael_miller_712.jpg,2025-07-24,No,No,SN000713,Digital Ventures,Healthcare IT,C-Level,"MS Data Science, Stanford"
P00714,Fatima,Johnson,Female,Senior Software Engineer,IT director managing technology teams,"Mecca, Saudi Arabia",https://www.linkedin.com/in/fatima-johnson-713,https://example.com/profiles/fatima_johnson_713.jpg,2025-10-26,No,Yes,SN000714,Enterprise Solutions,Retail,Director,"MS Information Technology, MIT"
P00715,Jessica,Hassan,Female,Systems Administrator,Software engineer with expertise in enterprise applications,"Riyadh, Saudi Arabia",https://www.linkedin.com/in/jessica-hassan-714,https://example.com/profiles/jessica_hassan_714.jpg,2025-09-03,No,No,SN000715,Digital Ventures,Cybersecurity,Senior,"BS Software Engineering, NUST"
P00716,Sara,Shah,Male,Security Specialist,Full-stack developer building scalable applications,"Dubai, UAE",https://www.linkedin.com/in/sara-shah-715,https://example.com/profiles/sara_shah_715.jpg,2025-05-22,No,No,SN000716,Enterprise Solutions,Cybersecurity,Entry,"BS Computer Science, King Saud University"
P00717,Barbara,Al-Mutairi,Female,Senior Software Engineer,IT consultant helping businesses digital transformation,"Lahore, Pakistan",https://www.linkedin.com/in/barbara-al-mutairi-716,https://example.com/profiles/barbara_al-mutairi_716.jpg,2025-07-01,No,No,SN000717,PwC,Manufacturing,Entry,
P00718,Jessica,Al-Saud,Female,Solutions Architect,Data scientist passionate about analytics,"Karachi, Pakistan",https://www.linkedin.com/in/jessica-al-saud-717,https://example.com/profiles/jessica_al-saud_717.jpg,2025-06-08,No,No,SN000718,PwC,Telecommunications,Director,
P00719,Khadija,Hassan,Female,Data Scientist,IT director managing technology teams,"Dammam, Saudi Arabia",https://www.linkedin.com/in/khadija-hassan-718,https://example.com/profiles/khadija_hassan_718.jpg,2025-10-11,No,No,SN000719,Enterprise Solutions,Telecommunications,Mid,
P00720,Fatima,Al-Otaibi,Unspecified,Software Developer,IT consultant helping businesses digital transformation,"Riyadh, Saudi Arabia",https://www.linkedin.com/in/fatima-al-otaibi-719,https://example.com/profiles/fatima_al-otaibi_719.jpg,2025-06-14,No,No,SN000720,IBM Saudi Arabia,Software Development,VP,"BS Computer Science, King Saud University"
P00721,Zainab,Al-Zahrani,Unspecified,Data Scientist,Cybersecurity expert protecting digital assets,"Karachi, Pakistan",https://www.linkedin.com/in/zainab-al-zahrani-720,https://example.com/profiles/zainab_al-zahrani_720.jpg,2025-07-04,No,No,SN000721,SABIC,Retail,Lead,"MBA, INSEAD"
P00722,Lisa,Ali,Male,Data Scientist,Cybersecurity expert protecting digital assets,"Islamabad, Pakistan",https://www.linkedin.com/in/lisa-ali-721,https://example.com/profiles/lisa_ali_721.jpg,2025-10-31,No,No,SN000722,Deloitte,Data Analytics,Principal,"MBA, INSEAD"
P00723,Omar,Martinez,Male,Network Engineer,Data scientist passionate about analytics,"Dammam, Saudi Arabia",https://www.linkedin.com/in/omar-martinez-722,https://example.com/profiles/omar_martinez_722.jpg,2025-07-27,No,No,SN000723,Microsoft Saudi Arabia,Oil & Energy,Principal,"BS Software Engineering, NUST"
P00724,Fatima,Ahmed,Male,Senior Software Engineer,Full-stack developer building scalable applications,"Abu Dhabi, UAE",https://www.linkedin.com/in/fatima-ahmed-723,https://example.com/profiles/fatima_ahmed_723.jpg,2025-09-14,No,No,SN000724,Cloud Systems,Manufacturing,Mid,"MS Data Science, Stanford"
P00725,Saeed,Smith,Female,Senior Software Engineer,Full-stack developer building scalable applications,"Abu Dhabi, UAE",https://www.linkedin.com/in/saeed-smith-724,https://example.com/profiles/saeed_smith_724.jpg,2025-05-10,No,Yes,SN000725,Digital Ventures,Telecommunications,Mid,"BS Software Engineering, NUST"
P00726,Amina,Ali,Male,Project Manager,Software engineer with expertise in enterprise applications,"Dubai, UAE",https://www.linkedin.com/in/amina-ali-725,https://example.com/profiles/amina_ali_725.jpg,2025-06-09,No,No,SN000726,IBM Saudi Arabia,Retail,Mid,"MS Information Technology, MIT"
P00727,Noor,Al-Saud,Male,Data Scientist,Software engineer with expertise in enterprise applications,"Dubai, UAE",https://www.linkedin.com/in/noor-al-saud-726,https://example.com/profiles/noor_al-saud_726.jpg,2025-09-28,No,No,SN000727,Data Analytics Pro,Retail,Entry,"MS Data Science, Stanford"
P00728,William,Brown,Unspecified,Technical Lead,DevOps engineer automating infrastructure,"Khobar, Saudi Arabia",https://www.linkedin.com/in/william-brown-727,https://example.com/profiles/william_brown_727.jpg,2025-08-14,No,No,SN000728,IBM Saudi Arabia,Manufacturing,Lead,"BS Software Engineering, NUST"
P00729,Amina,Hassan,Unspecified,Network Engineer,IT consultant helping businesses digital transformation,"Dubai, UAE",https://www.linkedin.com/in/amina-hassan-728,https://example.com/profiles/amina_hassan_728.jpg,2025-05-31,No,Yes,SN000729,Oracle Saudi Arabia,Fintech,Entry,
P00730,Fahad,Hassan,Female,Software Developer,DevOps engineer automating infrastructure,"Karachi, Pakistan",https://www.linkedin.com/in/fahad-hassan-729,https://example.com/profiles/fahad_hassan_729.jpg,2025-08-30,No,No,SN000730,Saudi Telecom Company,Data Analytics,Principal,"BS Software Engineering, NUST"
P00731,Linda,Williams,Female,Software Developer,Experienced IT professional specializing in cloud solutions,"Dubai, UAE",https://www.linkedin.com/in/linda-williams-730,https://example.com/profiles/linda_williams_730.jpg,2025-10-23,No,No,SN000731,Aramco,Software Development,Lead,"MS Information Technology, MIT"
P00732,Richard,Ali,Female,Solutions Architect,IT director managing technology teams,"Abu Dhabi, UAE",https://www.linkedin.com/in/richard-ali-731,https://example.com/profiles/richard_ali_731.jpg,2025-10-27,Yes,No,SN000732,NCB Bank,IT Services,Entry,"BS Computer Science, King Saud University"
P00733,Ali,Williams,Female,Database Administrator,Cybersecurity expert protecting digital assets,"Karachi, Pakistan",https://www.linkedin.com/in/ali-williams-732,https://example.com/profiles/ali_williams_732.jpg,2025-08-07,No,No,SN000733,Digital Ventures,Oil & Energy,Lead,"BS Computer Science, King Saud University"
P00734,Ibrahim,Khan,Unspecified,Network Engineer,Software engineer with expertise in enterprise applications,"Medina, Saudi Arabia",https://www.linkedin.com/in/ibrahim-khan-733,https://example.com/profiles/ibrahim_khan_733.jpg,2025-07-09,No,No,SN000734,Saudi Telecom Company,Banking,Mid,
P00735,Thomas,Martinez,Male,Senior Software Engineer,Technology leader driving innovation,"Dammam, Saudi Arabia",https://www.linkedin.com/in/thomas-martinez-734,https://example.com/profiles/thomas_martinez_734.jpg,2025-09-27,No,No,SN000735,SecureNet,Healthcare IT,Lead,"BS Computer Science, King Saud University"
P00736,Omar,Hussain,Unspecified,Project Manager,DevOps engineer automating infrastructure,"Islamabad, Pakistan",https://www.linkedin.com/in/omar-hussain-735,https://example.com/profiles/omar_hussain_735.jpg,2025-10-31,No,No,SN000736,PwC,IT Services,Mid,"MS Data Science, Stanford"
P00737,William,Malik,Unspecified,Systems Administrator,Technology leader driving innovation,"Dubai, UAE",https://www.linkedin.com/in/william-malik-736,https://example.com/profiles/william_malik_736.jpg,2025-07-03,No,No,SN000737,KPMG,Cybersecurity,Director,"MS Information Technology, MIT"
P00738,James,Khan,Female,Database Administrator,IT director managing technology teams,"Medina, Saudi Arabia",https://www.linkedin.com/in/james-khan-737,https://example.com/profiles/james_khan_737.jpg,2025-10-17,No,No,SN000738,SecureNet,Software Development,VP,
P00739,Maryam,Davis,Male,Cloud Architect,Full-stack developer building scalable applications,"Abu Dhabi, UAE",https://www.linkedin.com/in/maryam-davis-738,https://example.com/profiles/maryam_davis_738.jpg,2025-05-28,No,No,SN000739,STC Solutions,Data Analytics,Principal,"MS Data Science, Stanford"
P00740,Ahmed,Khan,Unspecified,Project Manager,Experienced IT professional specializing in cloud solutions,"Riyadh, Saudi Arabia",https://www.linkedin.com/in/ahmed-khan-739,https://example.com/profiles/ahmed_khan_739.jpg,2025-10-24,No,Yes,SN000740,Deloitte,Telecommunications,Director,
P00741,Maryam,Al-Harbi,Male,Database Administrator,ERP implementation specialist,"Mecca, Saudi Arabia",https://www.linkedin.com/in/maryam-al-harbi-740,https://example.com/profiles/maryam_al-harbi_740.jpg,2025-10-23,No,No,SN000741,Deloitte,IT Services,Principal,
P00742,Sarah,Al-Rashid,Male,Project Manager,IT consultant helping businesses digital transformation,"Lahore, Pakistan",https://www.linkedin.com/in/sarah-al-rashid-741,https://example.com/profiles/sarah_al-rashid_741.jpg,2025-09-20,No,Yes,SN000742,Aramco,Cloud Computing,Lead,"BS Computer Science, King Saud University"
P00743,Emily,Al-Harbi,Male,Chief Information Officer,Experienced IT professional specializing in cloud solutions,"Mecca, Saudi Arabia",https://www.linkedin.com/in/emily-al-harbi-742,https://example.com/profiles/emily_al-harbi_742.jpg,2025-07-01,No,No,SN000743,Deloitte,Oil & Energy,VP,"MS Data Science, Stanford"
P00744,Usman,Al-Saud,Male,Software Developer,Data scientist passionate about analytics,"Dammam, Saudi Arabia",https://www.linkedin.com/in/usman-al-saud-743,https://example.com/profiles/usman_al-saud_743.jpg,2025-10-01,Yes,No,SN000744,Oracle Saudi Arabia,Fintech,VP,"BS Software Engineering, NUST"
P00745,Usman,Al-Otaibi,Female,Senior Software Engineer,ERP implementation specialist,"Medina, Saudi Arabia",https://www.linkedin.com/in/usman-al-otaibi-744,https://example.com/profiles/usman_al-otaibi_744.jpg,2025-05-31,No,Yes,SN000745,PwC,Digital Transformation,Senior,"MS Information Technology, MIT"
P00746,Fahad,Ahmed,Female,IT Consultant,Experienced IT professional specializing in cloud solutions,"Karachi, Pakistan",https://www.linkedin.com/in/fahad-ahmed-745,https://example.com/profiles/fahad_ahmed_745.jpg,2025-07-16,No,No,SN000746,Al Rajhi Bank,Healthcare IT,Senior,"MBA, INSEAD"
P00747,Layla,Al-Otaibi,Female,Security Specialist,Experienced IT professional specializing in cloud solutions,"Riyadh, Saudi Arabia",https://www.linkedin.com/in/layla-al-otaibi-746,https://example.com/profiles/layla_al-otaibi_746.jpg,2025-05-29,No,Yes,SN000747,Oracle Saudi Arabia,Fintech,C-Level,"BS Computer Science, King Saud University"
P00748,Khalid,Jones,Female,Product Manager,IT director managing technology teams,"Karachi, Pakistan",https://www.linkedin.com/in/khalid-jones-747,https://example.com/profiles/khalid_jones_747.jpg,2025-07-02,Yes,No,SN000748,SABIC,IT Services,Mid,"MS Data Science, Stanford"
P00749,Saeed,Davis,Male,Data Scientist,Experienced IT professional specializing in cloud solutions,"Islamabad, Pakistan",https://www.linkedin.com/in/saeed-davis-748,https://example.com/profiles/saeed_davis_748.jpg,2025-07-19,No,No,SN000749,IBM Saudi Arabia,Healthcare IT,Lead,"MS Information Technology, MIT"
P00750,Amanda,Iqbal,Female,IT Director,Experienced IT professional specializing in cloud solutions,"Riyadh, Saudi Arabia",https://www.linkedin.com/in/amanda-iqbal-749,https://example.com/profiles/amanda_iqbal_749.jpg,2025-09-18,No,No,SN000750,TechCorp Solutions,Data Analytics,Lead,"MS Data Science, Stanford"
P00751,Khalid,Ahmed,Unspecified,Cloud Architect,Technology leader driving innovation,"Dubai, UAE",https://www.linkedin.com/in/khalid-ahmed-750,https://example.com/profiles/khalid_ahmed_750.jpg,2025-05-22,No,Yes,SN000751,TechCorp Solutions,E-commerce,Principal,
P00752,Hafsa,Ahmed,Female,Security Specialist,DevOps engineer automating infrastructure,"Dubai, UAE",https://www.linkedin.com/in/hafsa-ahmed-751,https://example.com/profiles/hafsa_ahmed_751.jpg,2025-10-05,Yes,No,SN000752,Enterprise Solutions,Retail,VP,
P00753,Jessica,Al-Zahrani,Male,Systems Administrator,IT director managing technology teams,"Riyadh, Saudi Arabia",https://www.linkedin.com/in/jessica-al-zahrani-752,https://example.com/profiles/jessica_al-zahrani_752.jpg,2025-05-11,No,No,SN000753,Oracle Saudi Arabia,Cloud Computing,Lead,
P00754,Emily,Al-Harbi,Unspecified,Business Analyst,Full-stack developer building scalable applications,"Dubai, UAE",https://www.linkedin.com/in/emily-al-harbi-753,https://example.com/profiles/emily_al-harbi_753.jpg,2025-06-05,No,No,SN000754,Ernst & Young,Banking,Entry,"MS Information Technology, MIT"
P00755,Jennifer,Hussain,Unspecified,Database Administrator,Cybersecurity expert protecting digital assets,"Mecca, Saudi Arabia",https://www.linkedin.com/in/jennifer-hussain-754,https://example.com/profiles/jennifer_hussain_754.jpg,2025-07-14,No,No,SN000755,Enterprise Solutions,Data Analytics,Director,"BS Computer Science, King Saud University"
P00756,Khadija,Al-Otaibi,Male,IT Director,Cybersecurity expert protecting digital assets,"Lahore, Pakistan",https://www.linkedin.com/in/khadija-al-otaibi-755,https://example.com/profiles/khadija_al-otaibi_755.jpg,2025-09-28,No,No,SN000756,TechCorp Solutions,Cybersecurity,Principal,"MS Information Technology, MIT"
P00757,Amina,Al-Saud,Unspecified,Solutions Architect,Cybersecurity expert protecting digital assets,"Abu Dhabi, UAE",https://www.linkedin.com/in/amina-al-saud-756,https://example.com/profiles/amina_al-saud_756.jpg,2025-09-24,No,Yes,SN000757,IBM Saudi Arabia,Digital Transformation,Mid,"MS Data Science, Stanford"
P00758,Aisha,Al-Saud,Unspecified,IT Director,Software engineer with expertise in enterprise applications,"Jeddah, Saudi Arabia",https://www.linkedin.com/in/aisha-al-saud-757,https://example.com/profiles/aisha_al-saud_757.jpg,2025-10-03,No,No,SN000758,Microsoft Saudi Arabia,Fintech,Principal,"BS Software Engineering, NUST"
P00759,Aisha,Al-Otaibi,Unspecified,Software Developer,Cybersecurity expert protecting digital assets,"Lahore, Pakistan",https://www.linkedin.com/in/aisha-al-otaibi-758,https://example.com/profiles/aisha_al-otaibi_758.jpg,2025-08-24,Yes,No,SN000759,Al Rajhi Bank,Banking,Senior,"BS Software Engineering, NUST"
P00760,Linda,Garcia,Male,Solutions Architect,ERP implementation specialist,"Mecca, Saudi Arabia",https://www.linkedin.com/in/linda-garcia-759,https://example.com/profiles/linda_garcia_759.jpg,2025-06-22,No,No,SN000760,PwC,Software Development,Mid,"MS Information Technology, MIT"
P00761,Linda,Sheikh,Unspecified,Chief Information Officer,ERP implementation specialist,"Karachi, Pakistan",https://www.linkedin.com/in/linda-sheikh-760,https://example.com/profiles/linda_sheikh_760.jpg,2025-07-29,No,No,SN000761,SecureNet,Cloud Computing,C-Level,"BS Computer Science, King Saud University"
P00762,Patricia,Martinez,Male,Data Scientist,Technology leader driving innovation,"Islamabad, Pakistan",https://www.linkedin.com/in/patricia-martinez-761,https://example.com/profiles/patricia_martinez_761.jpg,2025-07-04,No,No,SN000762,SecureNet,Fintech,Principal,"MS Information Technology, MIT"
P00763,Zainab,Davis,Unspecified,Technical Lead,Software engineer with expertise in enterprise applications,"Lahore, Pakistan",https://www.linkedin.com/in/zainab-davis-762,https://example.com/profiles/zainab_davis_762.jpg,2025-09-13,No,No,SN000763,Accenture,Oil & Energy,Director,"BS Software Engineering, NUST"
P00764,Fatima,Al-Harbi,Male,Product Manager,Full-stack developer building scalable applications,"Lahore, Pakistan",https://www.linkedin.com/in/fatima-al-harbi-763,https://example.com/profiles/fatima_al-harbi_763.jpg,2025-06-29,No,No,SN000764,STC Solutions,Software Development,VP,"BS Computer Science, King Saud University"
P00765,Fatima,Malik,Unspecified,Cloud Architect,Experienced IT professional specializing in cloud solutions,"Medina, Saudi Arabia",https://www.linkedin.com/in/fatima-malik-764,https://example.com/profiles/fatima_malik_764.jpg,2025-10-12,Yes,Yes,SN000765,Aramco,Software Development,VP,"MS Data Science, Stanford"
P00766,Ibrahim,Davis,Female,Senior Software Engineer,IT director managing technology teams,"Lahore, Pakistan",https://www.linkedin.com/in/ibrahim-davis-765,https://example.com/profiles/ibrahim_davis_765.jpg,2025-05-08,No,Yes,SN000766,NCB Bank,Healthcare IT,VP,
P00767,Omar,Al-Otaibi,Unspecified,Chief Technology Officer,Cybersecurity expert protecting digital assets,"Abu Dhabi, UAE",https://www.linkedin.com/in/omar-al-otaibi-766,https://example.com/profiles/omar_al-otaibi_766.jpg,2025-10-14,No,No,SN000767,Oracle Saudi Arabia,Telecommunications,Director,
P00768,Usman,Khan,Female,Technical Lead,Data scientist passionate about analytics,"Karachi, Pakistan",https://www.linkedin.com/in/usman-khan-767,https://example.com/profiles/usman_khan_767.jpg,2025-10-17,No,No,SN000768,Oracle Saudi Arabia,Telecommunications,Lead,"MS Information Technology, MIT"
P00769,William,Al-Zahrani,Female,Technical Lead,Full-stack developer building scalable applications,"Dammam, Saudi Arabia",https://www.linkedin.com/in/william-al-zahrani-768,https://example.com/profiles/william_al-zahrani_768.jpg,2025-09-09,No,No,SN000769,SABIC,Cybersecurity,C-Level,"MS Data Science, Stanford"
P00770,Jennifer,Martinez,Unspecified,Systems Administrator,Full-stack developer building scalable applications,"Jeddah, Saudi Arabia",https://www.linkedin.com/in/jennifer-martinez-769,https://example.com/profiles/jennifer_martinez_769.jpg,2025-06-28,No,No,SN000770,Microsoft Saudi Arabia,Banking,Senior,
P00771,Fatima,Rodriguez,Unspecified,IT Consultant,DevOps engineer automating infrastructure,"Mecca, Saudi Arabia",https://www.linkedin.com/in/fatima-rodriguez-770,https://example.com/profiles/fatima_rodriguez_770.jpg,2025-10-30,No,No,SN000771,SABIC,ERP Solutions,Mid,"BS Software Engineering, NUST"
P00772,William,Williams,Unspecified,Network Engineer,DevOps engineer automating infrastructure,"Lahore, Pakistan",https://www.linkedin.com/in/william-williams-771,https://example.com/profiles/william_williams_771.jpg,2025-10-27,Yes,No,SN000772,Digital Ventures,Fintech,Director,
P00773,Amanda,Hussain,Female,Engineering Manager,Experienced IT professional specializing in cloud solutions,"Islamabad, Pakistan",https://www.linkedin.com/in/amanda-hussain-772,https://example.com/profiles/amanda_hussain_772.jpg,2025-08-27,No,No,SN000773,Ernst & Young,ERP Solutions,Lead,
P00774,Muhammad,Iqbal,Female,Cloud Architect,IT consultant helping businesses digital transformation,"Lahore, Pakistan",https://www.linkedin.com/in/muhammad-iqbal-773,https://example.com/profiles/muhammad_iqbal_773.jpg,2025-07-13,Yes,No,SN000774,PwC,IT Services,VP,"BS Software Engineering, NUST"
P00775,William,Hussain,Female,Solutions Architect,Software engineer with expertise in enterprise applications,"Lahore, Pakistan",https://www.linkedin.com/in/william-hussain-774,https://example.com/profiles/william_hussain_774.jpg,2025-09-07,No,No,SN000775,TechCorp Solutions,Banking,VP,"BS Computer Science, King Saud University"
P00776,Saeed,Miller,Unspecified,Project Manager,IT director managing technology teams,"Islamabad, Pakistan",https://www.linkedin.com/in/saeed-miller-775,https://example.com/profiles/saeed_miller_775.jpg,2025-05-29,No,No,SN000776,Al Rajhi Bank,Fintech,Senior,
P00777,Usman,Al-Saud,Unspecified,DevOps Engineer,Full-stack developer building scalable applications,"Medina, Saudi Arabia",https://www.linkedin.com/in/usman-al-saud-776,https://example.com/profiles/usman_al-saud_776.jpg,2025-08-19,No,No,SN000777,Accenture,E-commerce,Senior,
P00778,Zainab,Al-Zahrani,Unspecified,DevOps Engineer,Technology leader driving innovation,"Abu Dhabi, UAE",https://www.linkedin.com/in/zainab-al-zahrani-777,https://example.com/profiles/zainab_al-zahrani_777.jpg,2025-09-12,No,No,SN000778,IBM Saudi Arabia,Telecommunications,C-Level,"BS Computer Science, King Saud University"
P00779,Saeed,Al-Zahrani,Female,Security Specialist,Software engineer with expertise in enterprise applications,"Dammam, Saudi Arabia",https://www.linkedin.com/in/saeed-al-zahrani-778,https://example.com/profiles/saeed_al-zahrani_778.jpg,2025-10-14,No,No,SN000779,PwC,Oil & Energy,Principal,"MBA, INSEAD"
P00780,Hassan,Johnson,Male,Database Administrator,IT director managing technology teams,"Lahore, Pakistan",https://www.linkedin.com/in/hassan-johnson-779,https://example.com/profiles/hassan_johnson_779.jpg,2025-08-19,No,No,SN000780,Oracle Saudi Arabia,Cybersecurity,VP,"MS Data Science, Stanford"
P00781,Fahad,Smith,Unspecified,Business Analyst,Full-stack developer building scalable applications,"Khobar, Saudi Arabia",https://www.linkedin.com/in/fahad-smith-780,https://example.com/profiles/fahad_smith_780.jpg,2025-05-29,No,No,SN000781,IT Innovations,Fintech,Entry,"BS Computer Science, King Saud University"
P00782,Aisha,Garcia,Male,Systems Administrator,Technology leader driving innovation,"Karachi, Pakistan",https://www.linkedin.com/in/aisha-garcia-781,https://example.com/profiles/aisha_garcia_781.jpg,2025-09-03,No,Yes,SN000782,Cloud Systems,Oil & Energy,C-Level,"MS Data Science, Stanford"
P00783,Linda,Al-Saud,Unspecified,Database Administrator,IT consultant helping businesses digital transformation,"Dubai, UAE",https://www.linkedin.com/in/linda-al-saud-782,https://example.com/profiles/linda_al-saud_782.jpg,2025-09-03,No,Yes,SN000783,IT Innovations,Software Development,C-Level,
P00784,Ibrahim,Al-Harbi,Male,Engineering Manager,Experienced IT professional specializing in cloud solutions,"Islamabad, Pakistan",https://www.linkedin.com/in/ibrahim-al-harbi-783,https://example.com/profiles/ibrahim_al-harbi_783.jpg,2025-06-24,Yes,No,SN000784,Aramco,Software Development,Director,"MBA, INSEAD"
P00785,Emily,Malik,Female,Cloud Architect,Data scientist passionate about analytics,"Islamabad, Pakistan",https://www.linkedin.com/in/emily-malik-784,https://example.com/profiles/emily_malik_784.jpg,2025-09-09,No,Yes,SN000785,TechCorp Solutions,Banking,C-Level,"MS Data Science, Stanford"
P00786,Sara,Davis,Male,Business Analyst,IT consultant helping businesses digital transformation,"Lahore, Pakistan",https://www.linkedin.com/in/sara-davis-785,https://example.com/profiles/sara_davis_785.jpg,2025-07-03,No,No,SN000786,STC Solutions,Banking,Principal,
P00787,James,Shah,Male,Business Analyst,Cybersecurity expert protecting digital assets,"Karachi, Pakistan",https://www.linkedin.com/in/james-shah-786,https://example.com/profiles/james_shah_786.jpg,2025-06-02,No,Yes,SN000787,Al Rajhi Bank,Retail,C-Level,"MBA, INSEAD"
P00788,Maryam,Ali,Unspecified,Product Manager,ERP implementation specialist,"Lahore, Pakistan",https://www.linkedin.com/in/maryam-ali-787,https://example.com/profiles/maryam_ali_787.jpg,2025-06-28,No,No,SN000788,Saudi Telecom Company,Oil & Energy,Mid,
P00789,Barbara,Al-Ghamdi,Male,Software Developer,Software engineer with expertise in enterprise applications,"Khobar, Saudi Arabia",https://www.linkedin.com/in/barbara-al-ghamdi-788,https://example.com/profiles/barbara_al-ghamdi_788.jpg,2025-05-08,No,Yes,SN000789,Data Analytics Pro,Manufacturing,Lead,"BS Computer Science, King Saud University"
P00790,Muhammad,Al-Mansouri,Female,Chief Technology Officer,Experienced IT professional specializing in cloud solutions,"Medina, Saudi Arabia",https://www.linkedin.com/in/muhammad-al-mansouri-789,https://example.com/profiles/muhammad_al-mansouri_789.jpg,2025-09-06,No,Yes,SN000790,Digital Ventures,Software Development,Senior,"BS Software Engineering, NUST"
P00791,Fatima,Al-Rashid,Male,Chief Technology Officer,IT director managing technology teams,"Medina, Saudi Arabia",https://www.linkedin.com/in/fatima-al-rashid-790,https://example.com/profiles/fatima_al-rashid_790.jpg,2025-05-29,No,No,SN000791,IT Innovations,Digital Transformation,C-Level,
P00792,Lisa,Smith,Male,Technical Lead,Data scientist passionate about analytics,"Mecca, Saudi Arabia",https://www.linkedin.com/in/lisa-smith-791,https://example.com/profiles/lisa_smith_791.jpg,2025-10-18,No,No,SN000792,SecureNet,Retail,Lead,"MS Data Science, Stanford"
P00793,William,Ahmed,Unspecified,Senior Software Engineer,Experienced IT professional specializing in cloud solutions,"Lahore, Pakistan",https://www.linkedin.com/in/william-ahmed-792,https://example.com/profiles/william_ahmed_792.jpg,2025-06-01,No,No,SN000793,Ernst & Young,Cybersecurity,Entry,"MS Information Technology, MIT"
P00794,Layla,Al-Harbi,Female,Systems Administrator,Technology leader driving innovation,"Abu Dhabi, UAE",https://www.linkedin.com/in/layla-al-harbi-793,https://example.com/profiles/layla_al-harbi_793.jpg,2025-09-25,Yes,Yes,SN000794,NCB Bank,Telecommunications,VP,
P00795,James,Shah,Female,DevOps Engineer,DevOps engineer automating infrastructure,"Mecca, Saudi Arabia",https://www.linkedin.com/in/james-shah-794,https://example.com/profiles/james_shah_794.jpg,2025-08-12,No,No,SN000795,SABIC,Banking,Senior,
P00796,Ibrahim,Al-Ghamdi,Male,Data Scientist,Software engineer with expertise in enterprise applications,"Khobar, Saudi Arabia",https://www.linkedin.com/in/ibrahim-al-ghamdi-795,https://example.com/profiles/ibrahim_al-ghamdi_795.jpg,2025-09-08,Yes,No,SN000796,Data Analytics Pro,Software Development,Senior,
P00797,Fahad,Shah,Unspecified,Cloud Architect,Data scientist passionate about analytics,"Abu Dhabi, UAE",https://www.linkedin.com/in/fahad-shah-796,https://example.com/profiles/fahad_shah_796.jpg,2025-07-15,No,No,SN000797,IBM Saudi Arabia,Banking,Director,"BS Computer Science, King Saud University"
P00798,Sarah,Rodriguez,Female,Solutions Architect,Experienced IT professional specializing in cloud solutions,"Mecca, Saudi Arabia",https://www.linkedin.com/in/sarah-rodriguez-797,https://example.com/profiles/sarah_rodriguez_797.jpg,2025-07-18,No,Yes,SN000798,NCB Bank,Telecommunications,Mid,"MS Information Technology, MIT"
P00799,Joseph,Ali,Male,Data Scientist,Full-stack developer building scalable applications,"Dubai, UAE",https://www.linkedin.com/in/joseph-ali-798,https://example.com/profiles/joseph_ali_798.jpg,2025-07-26,Yes,Yes,SN000799,Enterprise Solutions,Oil & Energy,Senior,"MS Information Technology, MIT"
P00800,Charles,Al-Ghamdi,Female,Technical Lead,Technology leader driving innovation,"Abu Dhabi, UAE",https://www.linkedin.com/in/charles-al-ghamdi-799,https://example.com/profiles/charles_al-ghamdi_799.jpg,2025-07-17,No,No,SN000800,SecureNet,Software Development,Entry,
P00801,Saeed,Shah,Male,IT Consultant,Full-stack developer building scalable applications,"Riyadh, Saudi Arabia",https://www.linkedin.com/in/saeed-shah-800,https://example.com/profiles/saeed_shah_800.jpg,2025-07-18,No,No,SN000801,Accenture,Fintech,Lead,
P00802,Lisa,Al-Saud,Unspecified,IT Consultant,DevOps engineer automating infrastructure,"Jeddah, Saudi Arabia",https://www.linkedin.com/in/lisa-al-saud-801,https://example.com/profiles/lisa_al-saud_801.jpg,2025-06-02,Yes,No,SN000802,Oracle Saudi Arabia,Fintech,Lead,"MS Information Technology, MIT"
P00803,Fatima,Davis,Female,Cloud Architect,Experienced IT professional specializing in cloud solutions,"Khobar, Saudi Arabia",https://www.linkedin.com/in/fatima-davis-802,https://example.com/profiles/fatima_davis_802.jpg,2025-07-16,No,No,SN000803,Ernst & Young,Digital Transformation,Senior,"BS Computer Science, King Saud University"
P00804,Hafsa,Al-Saud,Male,Chief Technology Officer,Experienced IT professional specializing in cloud solutions,"Mecca, Saudi Arabia",https://www.linkedin.com/in/hafsa-al-saud-803,https://example.com/profiles/hafsa_al-saud_803.jpg,2025-05-31,No,No,SN000804,Cloud Systems,Digital Transformation,Senior,"MS Information Technology, MIT"
P00805,Jennifer,Al-Otaibi,Male,Network Engineer,ERP implementation specialist,"Karachi, Pakistan",https://www.linkedin.com/in/jennifer-al-otaibi-804,https://example.com/profiles/jennifer_al-otaibi_804.jpg,2025-10-30,No,No,SN000805,Deloitte,Manufacturing,Principal,"BS Software Engineering, NUST"
P00806,Joseph,Davis,Male,Database Administrator,Experienced IT professional specializing in cloud solutions,"Karachi, Pakistan",https://www.linkedin.com/in/joseph-davis-805,https://example.com/profiles/joseph_davis_805.jpg,2025-05-12,No,No,SN000806,Saudi Telecom Company,Fintech,Lead,"BS Computer Science, King Saud University"
P00807,Omar,Johnson,Male,Project Manager,ERP implementation specialist,"Dammam, Saudi Arabia",https://www.linkedin.com/in/omar-johnson-806,https://example.com/profiles/omar_johnson_806.jpg,2025-09-11,No,No,SN000807,TechCorp Solutions,IT Services,Lead,
P00808,Saeed,Al-Zahrani,Unspecified,Project Manager,Data scientist passionate about analytics,"Dammam, Saudi Arabia",https://www.linkedin.com/in/saeed-al-zahrani-807,https://example.com/profiles/saeed_al-zahrani_807.jpg,2025-05-12,No,No,SN000808,Ernst & Young,Healthcare IT,Principal,"BS Software Engineering, NUST"
P00809,Aisha,Rodriguez,Male,Product Manager,Technology leader driving innovation,"Dammam, Saudi Arabia",https://www.linkedin.com/in/aisha-rodriguez-808,https://example.com/profiles/aisha_rodriguez_808.jpg,2025-08-03,No,No,SN000809,IBM Saudi Arabia,Data Analytics,Lead,
P00810,Khalid,Al-Harbi,Male,DevOps Engineer,DevOps engineer automating infrastructure,"Mecca, Saudi Arabia",https://www.linkedin.com/in/khalid-al-harbi-809,https://example.com/profiles/khalid_al-harbi_809.jpg,2025-07-21,No,No,SN000810,KPMG,Retail,Lead,"BS Software Engineering, NUST"
P00811,Sarah,Al-Otaibi,Female,Chief Information Officer,Data scientist passionate about analytics,"Islamabad, Pakistan",https://www.linkedin.com/in/sarah-al-otaibi-810,https://example.com/profiles/sarah_al-otaibi_810.jpg,2025-05-26,No,No,SN000811,STC Solutions,Fintech,Director,"MBA, INSEAD"
P00812,Ibrahim,Butt,Unspecified,DevOps Engineer,Technology leader driving innovation,"Dammam, Saudi Arabia",https://www.linkedin.com/in/ibrahim-butt-811,https://example.com/profiles/ibrahim_butt_811.jpg,2025-09-12,No,No,SN000812,SABIC,Fintech,Entry,"BS Computer Science, King Saud University"
P00813,Ali,Davis,Unspecified,Chief Technology Officer,Technology leader driving innovation,"Abu Dhabi, UAE",https://www.linkedin.com/in/ali-davis-812,https://example.com/profiles/ali_davis_812.jpg,2025-07-17,No,No,SN000813,Data Analytics Pro,IT Services,Lead,"MS Information Technology, MIT"
P00814,Charles,Khan,Male,Security Specialist,Technology leader driving innovation,"Lahore, Pakistan",https://www.linkedin.com/in/charles-khan-813,https://example.com/profiles/charles_khan_813.jpg,2025-09-08,No,No,SN000814,Oracle Saudi Arabia,ERP Solutions,Senior,
P00815,Maryam,Williams,Female,Chief Information Officer,Full-stack developer building scalable applications,"Karachi, Pakistan",https://www.linkedin.com/in/maryam-williams-814,https://example.com/profiles/maryam_williams_814.jpg,2025-07-22,No,No,SN000815,IBM Saudi Arabia,Banking,Senior,
P00816,Hassan,Al-Harbi,Male,Product Manager,Cybersecurity expert protecting digital assets,"Riyadh, Saudi Arabia",https://www.linkedin.com/in/hassan-al-harbi-815,https://example.com/profiles/hassan_al-harbi_815.jpg,2025-06-07,No,No,SN000816,Oracle Saudi Arabia,Cloud Computing,Senior,"MS Information Technology, MIT"
P00817,Michelle,Johnson,Female,Chief Information Officer,Cybersecurity expert protecting digital assets,"Medina, Saudi Arabia",https://www.linkedin.com/in/michelle-johnson-816,https://example.com/profiles/michelle_johnson_816.jpg,2025-08-22,No,No,SN000817,STC Solutions,Fintech,Senior,
P00818,Saeed,Ali,Male,Systems Administrator,Full-stack developer building scalable applications,"Karachi, Pakistan",https://www.linkedin.com/in/saeed-ali-817,https://example.com/profiles/saeed_ali_817.jpg,2025-08-02,No,No,SN000818,TechCorp Solutions,E-commerce,Mid,"MS Data Science, Stanford"
P00819,John,Brown,Male,IT Consultant,Software engineer with expertise in enterprise applications,"Karachi, Pakistan",https://www.linkedin.com/in/john-brown-818,https://example.com/profiles/john_brown_818.jpg,2025-08-21,No,No,SN000819,Digital Ventures,Healthcare IT,Mid,
P00820,David,Butt,Male,Product Manager,Full-stack developer building scalable applications,"Khobar, Saudi Arabia",https://www.linkedin.com/in/david-butt-819,https://example.com/profiles/david_butt_819.jpg,2025-07-07,No,Yes,SN000820,KPMG,Cybersecurity,Entry,"BS Computer Science, King Saud University"
P00821,Linda,Sheikh,Female,Solutions Architect,IT consultant helping businesses digital transformation,"Mecca, Saudi Arabia",https://www.linkedin.com/in/linda-sheikh-820,https://example.com/profiles/linda_sheikh_820.jpg,2025-06-21,No,No,SN000821,PwC,Digital Transformation,Lead,"BS Computer Science, King Saud University"
P00822,Omar,Garcia,Female,Software Developer,Full-stack developer building scalable applications,"Karachi, Pakistan",https://www.linkedin.com/in/omar-garcia-821,https://example.com/profiles/omar_garcia_821.jpg,2025-05-27,No,No,SN000822,Accenture,Telecommunications,Senior,"MBA, INSEAD"
P00823,Saeed,Al-Otaibi,Unspecified,Data Scientist,DevOps engineer automating infrastructure,"Abu Dhabi, UAE",https://www.linkedin.com/in/saeed-al-otaibi-822,https://example.com/profiles/saeed_al-otaibi_822.jpg,2025-07-22,No,Yes,SN000823,SABIC,Cloud Computing,Senior,"BS Software Engineering, NUST"
P00824,Joseph,Jones,Male,Engineering Manager,IT consultant helping businesses digital transformation,"Islamabad, Pakistan",https://www.linkedin.com/in/joseph-jones-823,https://example.com/profiles/joseph_jones_823.jpg,2025-05-30,No,No,SN000824,Digital Ventures,Retail,Lead,
P00825,Usman,Hassan,Unspecified,Security Specialist,IT director managing technology teams,"Karachi, Pakistan",https://www.linkedin.com/in/usman-hassan-824,https://example.com/profiles/usman_hassan_824.jpg,2025-06-27,Yes,No,SN000825,Digital Ventures,Cloud Computing,VP,"MBA, INSEAD"
P00826,Linda,Hussain,Unspecified,Product Manager,Full-stack developer building scalable applications,"Medina, Saudi Arabia",https://www.linkedin.com/in/linda-hussain-825,https://example.com/profiles/linda_hussain_825.jpg,2025-10-20,No,No,SN000826,TechCorp Solutions,Data Analytics,VP,
P00827,Sara,Hassan,Male,Cloud Architect,Cybersecurity expert protecting digital assets,"Lahore, Pakistan",https://www.linkedin.com/in/sara-hassan-826,https://example.com/profiles/sara_hassan_826.jpg,2025-10-27,No,No,SN000827,PwC,Healthcare IT,Mid,"MS Information Technology, MIT"
P00828,Maryam,Ahmed,Male,IT Consultant,ERP implementation specialist,"Abu Dhabi, UAE",https://www.linkedin.com/in/maryam-ahmed-827,https://example.com/profiles/maryam_ahmed_827.jpg,2025-07-30,No,No,SN000828,IBM Saudi Arabia,Healthcare IT,VP,"MBA, INSEAD"
P00829,Joseph,Davis,Male,IT Consultant,IT consultant helping businesses digital transformation,"Lahore, Pakistan",https://www.linkedin.com/in/joseph-davis-828,https://example.com/profiles/joseph_davis_828.jpg,2025-07-27,Yes,Yes,SN000829,PwC,ERP Solutions,VP,"BS Software Engineering, NUST"
P00830,Usman,Khan,Male,Project Manager,Technology leader driving innovation,"Mecca, Saudi Arabia",https://www.linkedin.com/in/usman-khan-829,https://example.com/profiles/usman_khan_829.jpg,2025-05-26,No,No,SN000830,NCB Bank,Data Analytics,Senior,"BS Computer Science, King Saud University"
P00831,Amina,Al-Mutairi,Female,Network Engineer,IT director managing technology teams,"Islamabad, Pakistan",https://www.linkedin.com/in/amina-al-mutairi-830,https://example.com/profiles/amina_al-mutairi_830.jpg,2025-10-15,Yes,No,SN000831,Microsoft Saudi Arabia,Fintech,VP,"MS Information Technology, MIT"
P00832,Jennifer,Smith,Unspecified,Technical Lead,Full-stack developer building scalable applications,"Jeddah, Saudi Arabia",https://www.linkedin.com/in/jennifer-smith-831,https://example.com/profiles/jennifer_smith_831.jpg,2025-10-12,No,No,SN000832,Deloitte,Retail,Director,"MS Data Science, Stanford"
P00833,Hafsa,Shah,Male,Chief Information Officer,Experienced IT professional specializing in cloud solutions,"Riyadh, Saudi Arabia",https://www.linkedin.com/in/hafsa-shah-832,https://example.com/profiles/hafsa_shah_832.jpg,2025-09-02,No,Yes,SN000833,IT Innovations,Digital Transformation,Lead,"BS Software Engineering, NUST"
P00834,David,Khan,Unspecified,Software Developer,Software engineer with expertise in enterprise applications,"Abu Dhabi, UAE",https://www.linkedin.com/in/david-khan-833,https://example.com/profiles/david_khan_833.jpg,2025-11-03,No,No,SN000834,STC Solutions,Cybersecurity,Director,"MBA, INSEAD"
P00835,Aisha,Malik,Unspecified,Technical Lead,DevOps engineer automating infrastructure,"Mecca, Saudi Arabia",https://www.linkedin.com/in/aisha-malik-834,https://example.com/profiles/aisha_malik_834.jpg,2025-11-04,No,No,SN000835,Al Rajhi Bank,Healthcare IT,VP,
P00836,Hassan,Williams,Female,Database Administrator,Software engineer with expertise in enterprise applications,"Dubai, UAE",https://www.linkedin.com/in/hassan-williams-835,https://example.com/profiles/hassan_williams_835.jpg,2025-08-27,No,Yes,SN000836,Al Rajhi Bank,Software Development,Director,"MS Information Technology, MIT"
P00837,Hafsa,Al-Mansouri,Male,Database Administrator,ERP implementation specialist,"Dammam, Saudi Arabia",https://www.linkedin.com/in/hafsa-al-mansouri-836,https://example.com/profiles/hafsa_al-mansouri_836.jpg,2025-09-17,No,No,SN000837,Digital Ventures,Fintech,Entry,"BS Software Engineering, NUST"
P00838,Ibrahim,Malik,Female,Technical Lead,IT consultant helping businesses digital transformation,"Medina, Saudi Arabia",https://www.linkedin.com/in/ibrahim-malik-837,https://example.com/profiles/ibrahim_malik_837.jpg,2025-09-15,No,No,SN000838,Al Rajhi Bank,IT Services,Mid,
P00839,Charles,Al-Mansouri,Male,Systems Administrator,ERP implementation specialist,"Islamabad, Pakistan",https://www.linkedin.com/in/charles-al-mansouri-838,https://example.com/profiles/charles_al-mansouri_838.jpg,2025-06-20,No,No,SN000839,Microsoft Saudi Arabia,Oil & Energy,Principal,"MS Information Technology, MIT"
P00840,Hassan,Al-Mansouri,Unspecified,Network Engineer,Experienced IT professional specializing in cloud solutions,"Medina, Saudi Arabia",https://www.linkedin.com/in/hassan-al-mansouri-839,https://example.com/profiles/hassan_al-mansouri_839.jpg,2025-09-14,Yes,No,SN000840,Deloitte,Healthcare IT,Entry,"MS Data Science, Stanford"
P00841,Omar,Al-Mutairi,Female,Engineering Manager,Software engineer with expertise in enterprise applications,"Medina, Saudi Arabia",https://www.linkedin.com/in/omar-al-mutairi-840,https://example.com/profiles/omar_al-mutairi_840.jpg,2025-10-30,No,No,SN000841,Digital Ventures,Telecommunications,Mid,"BS Computer Science, King Saud University"
P00842,Michelle,Al-Mansouri,Female,Database Administrator,IT director managing technology teams,"Medina, Saudi Arabia",https://www.linkedin.com/in/michelle-al-mansouri-841,https://example.com/profiles/michelle_al-mansouri_841.jpg,2025-07-04,No,No,SN000842,Enterprise Solutions,Oil & Energy,Mid,"BS Computer Science, King Saud University"
P00843,Layla,Johnson,Female,Project Manager,Experienced IT professional specializing in cloud solutions,"Jeddah, Saudi Arabia",https://www.linkedin.com/in/layla-johnson-842,https://example.com/profiles/layla_johnson_842.jpg,2025-10-05,No,No,SN000843,TechCorp Solutions,Digital Transformation,Lead,
P00844,Michael,Al-Mutairi,Female,Network Engineer,DevOps engineer automating infrastructure,"Karachi, Pakistan",https://www.linkedin.com/in/michael-al-mutairi-843,https://example.com/profiles/michael_al-mutairi_843.jpg,2025-10-27,Yes,No,SN000844,KPMG,E-commerce,Director,
P00845,Linda,Hassan,Unspecified,Chief Technology Officer,Full-stack developer building scalable applications,"Dubai, UAE",https://www.linkedin.com/in/linda-hassan-844,https://example.com/profiles/linda_hassan_844.jpg,2025-08-25,Yes,No,SN000845,Deloitte,Healthcare IT,Senior,
P00846,Richard,Khan,Male,IT Consultant,Data scientist passionate about analytics,"Lahore, Pakistan",https://www.linkedin.com/in/richard-khan-845,https://example.com/profiles/richard_khan_845.jpg,2025-10-02,No,No,SN000846,Digital Ventures,Digital Transformation,Principal,
P00847,Robert,Ali,Male,Network Engineer,Software engineer with expertise in enterprise applications,"Medina, Saudi Arabia",https://www.linkedin.com/in/robert-ali-846,https://example.com/profiles/robert_ali_846.jpg,2025-09-20,No,No,SN000847,Modern Tech,Digital Transformation,Director,"MS Information Technology, MIT"
P00848,Jennifer,Al-Harbi,Unspecified,Network Engineer,IT consultant helping businesses digital transformation,"Mecca, Saudi Arabia",https://www.linkedin.com/in/jennifer-al-harbi-847,https://example.com/profiles/jennifer_al-harbi_847.jpg,2025-08-04,No,No,SN000848,Enterprise Solutions,Retail,Mid,"MBA, INSEAD"
P00849,Charles,Hussain,Unspecified,Software Developer,IT director managing technology teams,"Abu Dhabi, UAE",https://www.linkedin.com/in/charles-hussain-848,https://example.com/profiles/charles_hussain_848.jpg,2025-05-28,No,No,SN000849,KPMG,Fintech,Principal,"BS Software Engineering, NUST"
P00850,Jennifer,Miller,Unspecified,Chief Information Officer,Experienced IT professional specializing in cloud solutions,"Dubai, UAE",https://www.linkedin.com/in/jennifer-miller-849,https://example.com/profiles/jennifer_miller_849.jpg,2025-11-04,No,No,SN000850,IBM Saudi Arabia,Cybersecurity,Entry,"MS Data Science, Stanford"
P00851,Michael,Miller,Unspecified,IT Consultant,IT consultant helping businesses digital transformation,"Dammam, Saudi Arabia",https://www.linkedin.com/in/michael-miller-850,https://example.com/profiles/michael_miller_850.jpg,2025-05-11,No,No,SN000851,SecureNet,Retail,Mid,
P00852,David,Al-Mansouri,Male,DevOps Engineer,Experienced IT professional specializing in cloud solutions,"Islamabad, Pakistan",https://www.linkedin.com/in/david-al-mansouri-851,https://example.com/profiles/david_al-mansouri_851.jpg,2025-09-30,No,No,SN000852,Enterprise Solutions,Retail,Principal,"MBA, INSEAD"
P00853,Ahmed,Al-Harbi,Male,Data Scientist,Data scientist passionate about analytics,"Medina, Saudi Arabia",https://www.linkedin.com/in/ahmed-al-harbi-852,https://example.com/profiles/ahmed_al-harbi_852.jpg,2025-08-02,No,No,SN000853,Oracle Saudi Arabia,Retail,VP,
P00854,Ahmed,Miller,Female,Chief Technology Officer,Software engineer with expertise in enterprise applications,"Medina, Saudi Arabia",https://www.linkedin.com/in/ahmed-miller-853,https://example.com/profiles/ahmed_miller_853.jpg,2025-07-06,Yes,No,SN000854,Modern Tech,Fintech,VP,
P00855,Charles,Khan,Unspecified,Security Specialist,Cybersecurity expert protecting digital assets,"Lahore, Pakistan",https://www.linkedin.com/in/charles-khan-854,https://example.com/profiles/charles_khan_854.jpg,2025-07-31,No,No,SN000855,TechCorp Solutions,Manufacturing,Entry,"BS Software Engineering, NUST"
P00856,Muhammad,Al-Mutairi,Unspecified,IT Director,Full-stack developer building scalable applications,"Riyadh, Saudi Arabia",https://www.linkedin.com/in/muhammad-al-mutairi-855,https://example.com/profiles/muhammad_al-mutairi_855.jpg,2025-05-13,No,No,SN000856,Deloitte,E-commerce,Senior,"MS Information Technology, MIT"
P00857,Maryam,Butt,Female,Business Analyst,Data scientist passionate about analytics,"Jeddah, Saudi Arabia",https://www.linkedin.com/in/maryam-butt-856,https://example.com/profiles/maryam_butt_856.jpg,2025-07-10,No,No,SN000857,SecureNet,Data Analytics,Director,"MS Information Technology, MIT"
P00858,Muhammad,Khan,Female,Senior Software Engineer,Full-stack developer building scalable applications,"Lahore, Pakistan",https://www.linkedin.com/in/muhammad-khan-857,https://example.com/profiles/muhammad_khan_857.jpg,2025-10-06,No,No,SN000858,Deloitte,Healthcare IT,Entry,"MS Data Science, Stanford"
P00859,Jennifer,Raza,Female,Product Manager,Software engineer with expertise in enterprise applications,"Riyadh, Saudi Arabia",https://www.linkedin.com/in/jennifer-raza-858,https://example.com/profiles/jennifer_raza_858.jpg,2025-10-13,No,No,SN000859,Cloud Systems,Retail,Entry,
P00860,Khadija,Malik,Male,Database Administrator,Data scientist passionate about analytics,"Riyadh, Saudi Arabia",https://www.linkedin.com/in/khadija-malik-859,https://example.com/profiles/khadija_malik_859.jpg,2025-05-10,No,No,SN000860,IBM Saudi Arabia,Banking,Lead,"MS Data Science, Stanford"
P00861,Sarah,Miller,Unspecified,Chief Information Officer,IT consultant helping businesses digital transformation,"Dubai, UAE",https://www.linkedin.com/in/sarah-miller-860,https://example.com/profiles/sarah_miller_860.jpg,2025-05-10,No,Yes,SN000861,Modern Tech,ERP Solutions,Mid,
P00862,Jessica,Hussain,Unspecified,Chief Technology Officer,IT director managing technology teams,"Mecca, Saudi Arabia",https://www.linkedin.com/in/jessica-hussain-861,https://example.com/profiles/jessica_hussain_861.jpg,2025-06-03,Yes,No,SN000862,Microsoft Saudi Arabia,Retail,Mid,"MBA, INSEAD"
P00863,Linda,Al-Mutairi,Male,Data Scientist,ERP implementation specialist,"Mecca, Saudi Arabia",https://www.linkedin.com/in/linda-al-mutairi-862,https://example.com/profiles/linda_al-mutairi_862.jpg,2025-09-29,No,Yes,SN000863,PwC,Telecommunications,Mid,
P00864,Ahmed,Khan,Female,Data Scientist,Data scientist passionate about analytics,"Lahore, Pakistan",https://www.linkedin.com/in/ahmed-khan-863,https://example.com/profiles/ahmed_khan_863.jpg,2025-10-19,No,No,SN000864,Modern Tech,Manufacturing,Entry,
P00865,Saeed,Garcia,Unspecified,Solutions Architect,DevOps engineer automating infrastructure,"Karachi, Pakistan",https://www.linkedin.com/in/saeed-garcia-864,https://example.com/profiles/saeed_garcia_864.jpg,2025-06-19,No,No,SN000865,STC Solutions,Healthcare IT,VP,"MS Information Technology, MIT"
P00866,Hafsa,Garcia,Unspecified,Engineering Manager,Experienced IT professional specializing in cloud solutions,"Karachi, Pakistan",https://www.linkedin.com/in/hafsa-garcia-865,https://example.com/profiles/hafsa_garcia_865.jpg,2025-10-14,No,No,SN000866,Data Analytics Pro,Manufacturing,Senior,"BS Computer Science, King Saud University"
P00867,Jessica,Al-Saud,Unspecified,Software Developer,Software engineer with expertise in enterprise applications,"Riyadh, Saudi Arabia",https://www.linkedin.com/in/jessica-al-saud-866,https://example.com/profiles/jessica_al-saud_866.jpg,2025-08-20,No,No,SN000867,SABIC,Banking,Entry,"BS Software Engineering, NUST"
P00868,Muhammad,Miller,Male,Network Engineer,Data scientist passionate about analytics,"Jeddah, Saudi Arabia",https://www.linkedin.com/in/muhammad-miller-867,https://example.com/profiles/muhammad_miller_867.jpg,2025-09-13,No,No,SN000868,PwC,Banking,VP,"MS Information Technology, MIT"
P00869,Robert,Johnson,Unspecified,Technical Lead,Full-stack developer building scalable applications,"Lahore, Pakistan",https://www.linkedin.com/in/robert-johnson-868,https://example.com/profiles/robert_johnson_868.jpg,2025-09-19,No,No,SN000869,KPMG,Healthcare IT,VP,"BS Computer Science, King Saud University"
P00870,Ali,Raza,Unspecified,Data Scientist,Data scientist passionate about analytics,"Khobar, Saudi Arabia",https://www.linkedin.com/in/ali-raza-869,https://example.com/profiles/ali_raza_869.jpg,2025-10-21,No,No,SN000870,SABIC,Cloud Computing,Mid,"BS Computer Science, King Saud University"
P00871,Khadija,Hussain,Female,Data Scientist,ERP implementation specialist,"Khobar, Saudi Arabia",https://www.linkedin.com/in/khadija-hussain-870,https://example.com/profiles/khadija_hussain_870.jpg,2025-07-02,No,No,SN000871,STC Solutions,E-commerce,Principal,"BS Software Engineering, NUST"
P00872,Ahmed,Al-Rashid,Unspecified,Solutions Architect,Cybersecurity expert protecting digital assets,"Karachi, Pakistan",https://www.linkedin.com/in/ahmed-al-rashid-871,https://example.com/profiles/ahmed_al-rashid_871.jpg,2025-10-26,No,Yes,SN000872,Aramco,Fintech,C-Level,"MBA, INSEAD"
P00873,Maryam,Garcia,Male,IT Director,Data scientist passionate about analytics,"Mecca, Saudi Arabia",https://www.linkedin.com/in/maryam-garcia-872,https://example.com/profiles/maryam_garcia_872.jpg,2025-06-08,No,No,SN000873,Ernst & Young,Retail,C-Level,
P00874,Ahmed,Raza,Female,Cloud Architect,DevOps engineer automating infrastructure,"Jeddah, Saudi Arabia",https://www.linkedin.com/in/ahmed-raza-873,https://example.com/profiles/ahmed_raza_873.jpg,2025-07-05,No,Yes,SN000874,KPMG,E-commerce,Mid,"BS Computer Science, King Saud University"
P00875,Noor,Al-Ghamdi,Male,Database Administrator,Full-stack developer building scalable applications,"Lahore, Pakistan",https://www.linkedin.com/in/noor-al-ghamdi-874,https://example.com/profiles/noor_al-ghamdi_874.jpg,2025-08-06,No,Yes,SN000875,Aramco,IT Services,Mid,
P00876,David,Raza,Female,Senior Software Engineer,Data scientist passionate about analytics,"Riyadh, Saudi Arabia",https://www.linkedin.com/in/david-raza-875,https://example.com/profiles/david_raza_875.jpg,2025-07-25,No,Yes,SN000876,Cloud Systems,Data Analytics,Principal,"MS Data Science, Stanford"
P00877,Amina,Al-Ghamdi,Female,Network Engineer,Cybersecurity expert protecting digital assets,"Khobar, Saudi Arabia",https://www.linkedin.com/in/amina-al-ghamdi-876,https://example.com/profiles/amina_al-ghamdi_876.jpg,2025-08-14,No,No,SN000877,Oracle Saudi Arabia,Fintech,Mid,"BS Software Engineering, NUST"
P00878,Michael,Hassan,Unspecified,DevOps Engineer,ERP implementation specialist,"Abu Dhabi, UAE",https://www.linkedin.com/in/michael-hassan-877,https://example.com/profiles/michael_hassan_877.jpg,2025-10-26,No,Yes,SN000878,Saudi Telecom Company,Fintech,Lead,"BS Computer Science, King Saud University"
P00879,Linda,Davis,Female,Business Analyst,IT director managing technology teams,"Abu Dhabi, UAE",https://www.linkedin.com/in/linda-davis-878,https://example.com/profiles/linda_davis_878.jpg,2025-08-22,No,Yes,SN000879,IBM Saudi Arabia,Manufacturing,Lead,
P00880,Noor,Iqbal,Unspecified,Technical Lead,Data scientist passionate about analytics,"Riyadh, Saudi Arabia",https://www.linkedin.com/in/noor-iqbal-879,https://example.com/profiles/noor_iqbal_879.jpg,2025-09-13,No,No,SN000880,KPMG,Data Analytics,C-Level,"BS Computer Science, King Saud University"
P00881,Patricia,Davis,Unspecified,Product Manager,ERP implementation specialist,"Dammam, Saudi Arabia",https://www.linkedin.com/in/patricia-davis-880,https://example.com/profiles/patricia_davis_880.jpg,2025-10-29,No,Yes,SN000881,PwC,Manufacturing,Senior,"MS Information Technology, MIT"
P00882,Layla,Ahmed,Male,Chief Technology Officer,Experienced IT professional specializing in cloud solutions,"Abu Dhabi, UAE",https://www.linkedin.com/in/layla-ahmed-881,https://example.com/profiles/layla_ahmed_881.jpg,2025-09-11,No,No,SN000882,Aramco,Oil & Energy,Mid,"MS Data Science, Stanford"
P00883,Michael,Al-Otaibi,Male,Project Manager,ERP implementation specialist,"Dubai, UAE",https://www.linkedin.com/in/michael-al-otaibi-882,https://example.com/profiles/michael_al-otaibi_882.jpg,2025-05-14,No,No,SN000883,SABIC,Cybersecurity,Mid,"MBA, INSEAD"
P00884,Khadija,Shah,Male,Systems Administrator,Full-stack developer building scalable applications,"Lahore, Pakistan",https://www.linkedin.com/in/khadija-shah-883,https://example.com/profiles/khadija_shah_883.jpg,2025-10-08,No,No,SN000884,Saudi Telecom Company,Software Development,Lead,"MBA, INSEAD"
P00885,Jessica,Al-Ghamdi,Female,Senior Software Engineer,Technology leader driving innovation,"Karachi, Pakistan",https://www.linkedin.com/in/jessica-al-ghamdi-884,https://example.com/profiles/jessica_al-ghamdi_884.jpg,2025-06-22,No,No,SN000885,SecureNet,Retail,C-Level,
P00886,Ahmed,Shah,Male,Network Engineer,Experienced IT professional specializing in cloud solutions,"Dammam, Saudi Arabia",https://www.linkedin.com/in/ahmed-shah-885,https://example.com/profiles/ahmed_shah_885.jpg,2025-07-20,No,No,SN000886,SABIC,E-commerce,Entry,"MBA, INSEAD"
P00887,Fatima,Davis,Male,Business Analyst,Technology leader driving innovation,"Jeddah, Saudi Arabia",https://www.linkedin.com/in/fatima-davis-886,https://example.com/profiles/fatima_davis_886.jpg,2025-10-29,No,No,SN000887,Modern Tech,Oil & Energy,C-Level,"MBA, INSEAD"
P00888,Noor,Davis,Male,Product Manager,Cybersecurity expert protecting digital assets,"Lahore, Pakistan",https://www.linkedin.com/in/noor-davis-887,https://example.com/profiles/noor_davis_887.jpg,2025-10-09,No,No,SN000888,PwC,Oil & Energy,Senior,"MBA, INSEAD"
P00889,Barbara,Brown,Male,Business Analyst,IT director managing technology teams,"Dubai, UAE",https://www.linkedin.com/in/barbara-brown-888,https://example.com/profiles/barbara_brown_888.jpg,2025-06-16,No,No,SN000889,Al Rajhi Bank,Healthcare IT,Director,"BS Computer Science, King Saud University"
P00890,John,Al-Ghamdi,Male,DevOps Engineer,ERP implementation specialist,"Karachi, Pakistan",https://www.linkedin.com/in/john-al-ghamdi-889,https://example.com/profiles/john_al-ghamdi_889.jpg,2025-06-22,No,No,SN000890,IBM Saudi Arabia,IT Services,VP,"MBA, INSEAD"
P00891,Linda,Shah,Female,Data Scientist,Technology leader driving innovation,"Jeddah, Saudi Arabia",https://www.linkedin.com/in/linda-shah-890,https://example.com/profiles/linda_shah_890.jpg,2025-09-20,No,No,SN000891,TechCorp Solutions,Fintech,Lead,
P00892,Joseph,Shah,Unspecified,Database Administrator,Software engineer with expertise in enterprise applications,"Mecca, Saudi Arabia",https://www.linkedin.com/in/joseph-shah-891,https://example.com/profiles/joseph_shah_891.jpg,2025-10-05,Yes,No,SN000892,Oracle Saudi Arabia,Retail,C-Level,"BS Computer Science, King Saud University"
P00893,Joseph,Rodriguez,Female,Solutions Architect,Software engineer with expertise in enterprise applications,"Mecca, Saudi Arabia",https://www.linkedin.com/in/joseph-rodriguez-892,https://example.com/profiles/joseph_rodriguez_892.jpg,2025-09-29,No,No,SN000893,Aramco,Retail,C-Level,
P00894,Amina,Shah,Male,Project Manager,IT director managing technology teams,"Karachi, Pakistan",https://www.linkedin.com/in/amina-shah-893,https://example.com/profiles/amina_shah_893.jpg,2025-10-14,No,No,SN000894,Digital Ventures,Healthcare IT,Senior,"BS Computer Science, King Saud University"
P00895,Khadija,Ali,Female,Database Administrator,Technology leader driving innovation,"Dammam, Saudi Arabia",https://www.linkedin.com/in/khadija-ali-894,https://example.com/profiles/khadija_ali_894.jpg,2025-08-08,No,No,SN000895,Modern Tech,Fintech,Director,"BS Software Engineering, NUST"
P00896,Thomas,Miller,Female,Systems Administrator,Software engineer with expertise in enterprise applications,"Medina, Saudi Arabia",https://www.linkedin.com/in/thomas-miller-895,https://example.com/profiles/thomas_miller_895.jpg,2025-05-11,No,No,SN000896,SABIC,Data Analytics,Lead,"MBA, INSEAD"
P00897,Maryam,Malik,Male,Systems Administrator,ERP implementation specialist,"Islamabad, Pakistan",https://www.linkedin.com/in/maryam-malik-896,https://example.com/profiles/maryam_malik_896.jpg,2025-05-23,No,No,SN000897,KPMG,ERP Solutions,Senior,
P00898,Thomas,Al-Zahrani,Male,Chief Technology Officer,DevOps engineer automating infrastructure,"Jeddah, Saudi Arabia",https://www.linkedin.com/in/thomas-al-zahrani-897,https://example.com/profiles/thomas_al-zahrani_897.jpg,2025-10-02,No,No,SN000898,Enterprise Solutions,Banking,Senior,"BS Computer Science, King Saud University"
P00899,Omar,Al-Otaibi,Unspecified,Cloud Architect,Data scientist passionate about analytics,"Dammam, Saudi Arabia",https://www.linkedin.com/in/omar-al-otaibi-898,https://example.com/profiles/omar_al-otaibi_898.jpg,2025-05-15,No,No,SN000899,NCB Bank,Digital Transformation,Mid,"MS Data Science, Stanford"
P00900,Layla,Hassan,Female,Database Administrator,Software engineer with expertise in enterprise applications,"Mecca, Saudi Arabia",https://www.linkedin.com/in/layla-hassan-899,https://example.com/profiles/layla_hassan_899.jpg,2025-05-21,No,Yes,SN000900,IBM Saudi Arabia,Software Development,Principal,
P00901,Khalid,Sheikh,Male,Business Analyst,Software engineer with expertise in enterprise applications,"Riyadh, Saudi Arabia",https://www.linkedin.com/in/khalid-sheikh-900,https://example.com/profiles/khalid_sheikh_900.jpg,2025-05-13,No,No,SN000901,Aramco,Fintech,Director,
P00902,Barbara,Al-Otaibi,Male,DevOps Engineer,DevOps engineer automating infrastructure,"Mecca, Saudi Arabia",https://www.linkedin.com/in/barbara-al-otaibi-901,https://example.com/profiles/barbara_al-otaibi_901.jpg,2025-08-18,No,No,SN000902,Accenture,Healthcare IT,Lead,"MBA, INSEAD"
P00903,Hassan,Al-Mansouri,Male,Senior Software Engineer,IT consultant helping businesses digital transformation,"Riyadh, Saudi Arabia",https://www.linkedin.com/in/hassan-al-mansouri-902,https://example.com/profiles/hassan_al-mansouri_902.jpg,2025-10-24,No,No,SN000903,Oracle Saudi Arabia,Healthcare IT,Mid,"MS Data Science, Stanford"
P00904,Amina,Raza,Male,Security Specialist,Data scientist passionate about analytics,"Lahore, Pakistan",https://www.linkedin.com/in/amina-raza-903,https://example.com/profiles/amina_raza_903.jpg,2025-09-16,No,No,SN000904,Accenture,ERP Solutions,Principal,"BS Computer Science, King Saud University"
P00905,David,Hussain,Female,Chief Information Officer,Software engineer with expertise in enterprise applications,"Mecca, Saudi Arabia",https://www.linkedin.com/in/david-hussain-904,https://example.com/profiles/david_hussain_904.jpg,2025-07-25,No,No,SN000905,Modern Tech,Oil & Energy,Director,"BS Software Engineering, NUST"
P00906,Jessica,Garcia,Female,Product Manager,ERP implementation specialist,"Dubai, UAE",https://www.linkedin.com/in/jessica-garcia-905,https://example.com/profiles/jessica_garcia_905.jpg,2025-06-07,No,No,SN000906,Aramco,Fintech,VP,
P00907,Michael,Al-Zahrani,Male,Product Manager,IT director managing technology teams,"Jeddah, Saudi Arabia",https://www.linkedin.com/in/michael-al-zahrani-906,https://example.com/profiles/michael_al-zahrani_906.jpg,2025-05-30,No,No,SN000907,STC Solutions,ERP Solutions,Senior,
P00908,Sara,Miller,Female,Software Developer,Technology leader driving innovation,"Khobar, Saudi Arabia",https://www.linkedin.com/in/sara-miller-907,https://example.com/profiles/sara_miller_907.jpg,2025-10-10,No,No,SN000908,NCB Bank,Digital Transformation,Senior,"MBA, INSEAD"
P00909,Sara,Davis,Unspecified,Senior Software Engineer,Experienced IT professional specializing in cloud solutions,"Karachi, Pakistan",https://www.linkedin.com/in/sara-davis-908,https://example.com/profiles/sara_davis_908.jpg,2025-07-25,No,No,SN000909,IT Innovations,Telecommunications,Lead,
P00910,Robert,Al-Mansouri,Unspecified,Chief Technology Officer,Software engineer with expertise in enterprise applications,"Khobar, Saudi Arabia",https://www.linkedin.com/in/robert-al-mansouri-909,https://example.com/profiles/robert_al-mansouri_909.jpg,2025-06-03,No,No,SN000910,Oracle Saudi Arabia,E-commerce,C-Level,
P00911,Sarah,Jones,Unspecified,Systems Administrator,Experienced IT professional specializing in cloud solutions,"Dammam, Saudi Arabia",https://www.linkedin.com/in/sarah-jones-910,https://example.com/profiles/sarah_jones_910.jpg,2025-10-18,No,No,SN000911,Deloitte,Manufacturing,Mid,
P00912,Khalid,Ali,Female,DevOps Engineer,Full-stack developer building scalable applications,"Khobar, Saudi Arabia",https://www.linkedin.com/in/khalid-ali-911,https://example.com/profiles/khalid_ali_911.jpg,2025-06-21,No,No,SN000912,Cloud Systems,Software Development,VP,"BS Software Engineering, NUST"
P00913,Ali,Miller,Female,IT Director,Cybersecurity expert protecting digital assets,"Dammam, Saudi Arabia",https://www.linkedin.com/in/ali-miller-912,https://example.com/profiles/ali_miller_912.jpg,2025-06-11,No,No,SN000913,Aramco,IT Services,C-Level,"BS Software Engineering, NUST"
P00914,Thomas,Iqbal,Male,Engineering Manager,ERP implementation specialist,"Abu Dhabi, UAE",https://www.linkedin.com/in/thomas-iqbal-913,https://example.com/profiles/thomas_iqbal_913.jpg,2025-05-23,Yes,No,SN000914,STC Solutions,E-commerce,Mid,
P00915,Ali,Hassan,Male,Technical Lead,Technology leader driving innovation,"Karachi, Pakistan",https://www.linkedin.com/in/ali-hassan-914,https://example.com/profiles/ali_hassan_914.jpg,2025-09-16,No,No,SN000915,Cloud Systems,Manufacturing,VP,
P00916,Fahad,Ahmed,Female,Project Manager,Experienced IT professional specializing in cloud solutions,"Karachi, Pakistan",https://www.linkedin.com/in/fahad-ahmed-915,https://example.com/profiles/fahad_ahmed_915.jpg,2025-06-15,No,No,SN000916,STC Solutions,Telecommunications,Lead,"BS Software Engineering, NUST"
P00917,Lisa,Al-Saud,Female,Senior Software Engineer,IT director managing technology teams,"Riyadh, Saudi Arabia",https://www.linkedin.com/in/lisa-al-saud-916,https://example.com/profiles/lisa_al-saud_916.jpg,2025-06-20,No,No,SN000917,IT Innovations,Telecommunications,Director,"MS Data Science, Stanford"
P00918,Layla,Rodriguez,Male,Security Specialist,Technology leader driving innovation,"Abu Dhabi, UAE",https://www.linkedin.com/in/layla-rodriguez-917,https://example.com/profiles/layla_rodriguez_917.jpg,2025-09-01,No,No,SN000918,IBM Saudi Arabia,Digital Transformation,Principal,"MBA, INSEAD"
P00919,Usman,Miller,Unspecified,Data Scientist,Experienced IT professional specializing in cloud solutions,"Dubai, UAE",https://www.linkedin.com/in/usman-miller-918,https://example.com/profiles/usman_miller_918.jpg,2025-05-23,No,No,SN000919,SABIC,E-commerce,Senior,"BS Software Engineering, NUST"
P00920,Michael,Al-Otaibi,Male,Engineering Manager,Cybersecurity expert protecting digital assets,"Islamabad, Pakistan",https://www.linkedin.com/in/michael-al-otaibi-919,https://example.com/profiles/michael_al-otaibi_919.jpg,2025-06-02,No,No,SN000920,KPMG,Cybersecurity,Principal,"BS Computer Science, King Saud University"
P00921,Layla,Al-Rashid,Female,Chief Technology Officer,Data scientist passionate about analytics,"Dammam, Saudi Arabia",https://www.linkedin.com/in/layla-al-rashid-920,https://example.com/profiles/layla_al-rashid_920.jpg,2025-05-27,No,No,SN000921,TechCorp Solutions,Digital Transformation,Lead,"BS Software Engineering, NUST"
P00922,Thomas,Miller,Male,Software Developer,DevOps engineer automating infrastructure,"Karachi, Pakistan",https://www.linkedin.com/in/thomas-miller-921,https://example.com/profiles/thomas_miller_921.jpg,2025-07-31,No,No,SN000922,Digital Ventures,Retail,VP,"MS Information Technology, MIT"
P00923,Linda,Miller,Male,Engineering Manager,ERP implementation specialist,"Abu Dhabi, UAE",https://www.linkedin.com/in/linda-miller-922,https://example.com/profiles/linda_miller_922.jpg,2025-09-23,No,No,SN000923,Oracle Saudi Arabia,Software Development,VP,
P00924,Hassan,Garcia,Unspecified,Database Administrator,Full-stack developer building scalable applications,"Dubai, UAE",https://www.linkedin.com/in/hassan-garcia-923,https://example.com/profiles/hassan_garcia_923.jpg,2025-11-04,No,No,SN000924,Cloud Systems,Manufacturing,Entry,"BS Computer Science, King Saud University"
P00925,Amanda,Al-Saud,Female,IT Director,Cybersecurity expert protecting digital assets,"Lahore, Pakistan",https://www.linkedin.com/in/amanda-al-saud-924,https://example.com/profiles/amanda_al-saud_924.jpg,2025-06-04,No,No,SN000925,Saudi Telecom Company,Telecommunications,Lead,"MBA, INSEAD"
P00926,Ali,Brown,Unspecified,Technical Lead,DevOps engineer automating infrastructure,"Dubai, UAE",https://www.linkedin.com/in/ali-brown-925,https://example.com/profiles/ali_brown_925.jpg,2025-07-27,No,No,SN000926,STC Solutions,ERP Solutions,Director,
P00927,Linda,Raza,Male,IT Director,Experienced IT professional specializing in cloud solutions,"Lahore, Pakistan",https://www.linkedin.com/in/linda-raza-926,https://example.com/profiles/linda_raza_926.jpg,2025-08-09,No,Yes,SN000927,SABIC,E-commerce,Mid,"MBA, INSEAD"
P00928,Jessica,Miller,Female,Security Specialist,Software engineer with expertise in enterprise applications,"Dubai, UAE",https://www.linkedin.com/in/jessica-miller-927,https://example.com/profiles/jessica_miller_927.jpg,2025-09-29,No,No,SN000928,STC Solutions,Manufacturing,Lead,"BS Software Engineering, NUST"
P00929,David,Sheikh,Unspecified,Chief Technology Officer,Cybersecurity expert protecting digital assets,"Abu Dhabi, UAE",https://www.linkedin.com/in/david-sheikh-928,https://example.com/profiles/david_sheikh_928.jpg,2025-08-21,No,No,SN000929,Microsoft Saudi Arabia,Oil & Energy,Lead,
P00930,Barbara,Hassan,Male,Software Developer,IT director managing technology teams,"Khobar, Saudi Arabia",https://www.linkedin.com/in/barbara-hassan-929,https://example.com/profiles/barbara_hassan_929.jpg,2025-10-16,Yes,No,SN000930,TechCorp Solutions,Oil & Energy,Senior,"MS Information Technology, MIT"
P00931,Ahmed,Al-Zahrani,Male,IT Consultant,IT consultant helping businesses digital transformation,"Islamabad, Pakistan",https://www.linkedin.com/in/ahmed-al-zahrani-930,https://example.com/profiles/ahmed_al-zahrani_930.jpg,2025-05-12,No,Yes,SN000931,Modern Tech,Digital Transformation,C-Level,"MS Data Science, Stanford"
P00932,Sarah,Al-Mansouri,Unspecified,Database Administrator,Cybersecurity expert protecting digital assets,"Jeddah, Saudi Arabia",https://www.linkedin.com/in/sarah-al-mansouri-931,https://example.com/profiles/sarah_al-mansouri_931.jpg,2025-10-23,No,No,SN000932,SABIC,Cloud Computing,Senior,"BS Computer Science, King Saud University"
P00933,Linda,Ali,Male,Solutions Architect,Cybersecurity expert protecting digital assets,"Medina, Saudi Arabia",https://www.linkedin.com/in/linda-ali-932,https://example.com/profiles/linda_ali_932.jpg,2025-06-24,No,No,SN000933,Oracle Saudi Arabia,ERP Solutions,C-Level,
P00934,John,Shah,Male,Cloud Architect,IT director managing technology teams,"Karachi, Pakistan",https://www.linkedin.com/in/john-shah-933,https://example.com/profiles/john_shah_933.jpg,2025-06-15,No,No,SN000934,SABIC,Retail,Principal,"MS Information Technology, MIT"
P00935,Ali,Al-Saud,Female,IT Consultant,IT consultant helping businesses digital transformation,"Lahore, Pakistan",https://www.linkedin.com/in/ali-al-saud-934,https://example.com/profiles/ali_al-saud_934.jpg,2025-08-25,No,Yes,SN000935,Deloitte,Banking,Mid,"MS Data Science, Stanford"
P00936,Patricia,Al-Rashid,Unspecified,Engineering Manager,IT director managing technology teams,"Mecca, Saudi Arabia",https://www.linkedin.com/in/patricia-al-rashid-935,https://example.com/profiles/patricia_al-rashid_935.jpg,2025-07-20,No,No,SN000936,IBM Saudi Arabia,E-commerce,Director,"BS Software Engineering, NUST"
P00937,Noor,Al-Harbi,Female,Network Engineer,Software engineer with expertise in enterprise applications,"Abu Dhabi, UAE",https://www.linkedin.com/in/noor-al-harbi-936,https://example.com/profiles/noor_al-harbi_936.jpg,2025-07-30,No,No,SN000937,Oracle Saudi Arabia,Software Development,Mid,"MS Data Science, Stanford"
P00938,Fahad,Al-Harbi,Female,Chief Technology Officer,Full-stack developer building scalable applications,"Lahore, Pakistan",https://www.linkedin.com/in/fahad-al-harbi-937,https://example.com/profiles/fahad_al-harbi_937.jpg,2025-09-15,No,No,SN000938,Enterprise Solutions,Data Analytics,Mid,
P00939,Fahad,Al-Saud,Male,IT Consultant,Technology leader driving innovation,"Dammam, Saudi Arabia",https://www.linkedin.com/in/fahad-al-saud-938,https://example.com/profiles/fahad_al-saud_938.jpg,2025-09-07,No,No,SN000939,Cloud Systems,Retail,Lead,"BS Software Engineering, NUST"
P00940,Zainab,Iqbal,Male,IT Director,Full-stack developer building scalable applications,"Riyadh, Saudi Arabia",https://www.linkedin.com/in/zainab-iqbal-939,https://example.com/profiles/zainab_iqbal_939.jpg,2025-07-04,No,No,SN000940,Data Analytics Pro,ERP Solutions,Entry,"BS Software Engineering, NUST"
P00941,Ahmed,Johnson,Male,Engineering Manager,DevOps engineer automating infrastructure,"Dubai, UAE",https://www.linkedin.com/in/ahmed-johnson-940,https://example.com/profiles/ahmed_johnson_940.jpg,2025-08-13,No,No,SN000941,SABIC,Oil & Energy,Director,"MBA, INSEAD"
P00942,Maryam,Al-Saud,Male,Systems Administrator,Experienced IT professional specializing in cloud solutions,"Medina, Saudi Arabia",https://www.linkedin.com/in/maryam-al-saud-941,https://example.com/profiles/maryam_al-saud_941.jpg,2025-06-12,No,No,SN000942,Oracle Saudi Arabia,Banking,C-Level,"MBA, INSEAD"
P00943,Barbara,Iqbal,Unspecified,Cloud Architect,Technology leader driving innovation,"Dammam, Saudi Arabia",https://www.linkedin.com/in/barbara-iqbal-942,https://example.com/profiles/barbara_iqbal_942.jpg,2025-07-07,No,No,SN000943,Microsoft Saudi Arabia,Banking,C-Level,"MS Data Science, Stanford"
P00944,Zainab,Al-Mutairi,Unspecified,Chief Information Officer,Data scientist passionate about analytics,"Dammam, Saudi Arabia",https://www.linkedin.com/in/zainab-al-mutairi-943,https://example.com/profiles/zainab_al-mutairi_943.jpg,2025-10-21,No,No,SN000944,Digital Ventures,Telecommunications,Principal,"BS Computer Science, King Saud University"
P00945,Hassan,Al-Ghamdi,Male,Technical Lead,Cybersecurity expert protecting digital assets,"Islamabad, Pakistan",https://www.linkedin.com/in/hassan-al-ghamdi-944,https://example.com/profiles/hassan_al-ghamdi_944.jpg,2025-06-05,No,No,SN000945,SecureNet,Banking,VP,"BS Software Engineering, NUST"
P00946,Richard,Al-Otaibi,Unspecified,Systems Administrator,Full-stack developer building scalable applications,"Abu Dhabi, UAE",https://www.linkedin.com/in/richard-al-otaibi-945,https://example.com/profiles/richard_al-otaibi_945.jpg,2025-07-12,No,No,SN000946,Ernst & Young,Software Development,Senior,"MBA, INSEAD"
P00947,Michael,Rodriguez,Female,Technical Lead,DevOps engineer automating infrastructure,"Dammam, Saudi Arabia",https://www.linkedin.com/in/michael-rodriguez-946,https://example.com/profiles/michael_rodriguez_946.jpg,2025-09-11,No,No,SN000947,Saudi Telecom Company,IT Services,VP,
P00948,Saeed,Iqbal,Male,Chief Technology Officer,Full-stack developer building scalable applications,"Dammam, Saudi Arabia",https://www.linkedin.com/in/saeed-iqbal-947,https://example.com/profiles/saeed_iqbal_947.jpg,2025-07-24,No,No,SN000948,Digital Ventures,E-commerce,VP,
P00949,John,Raza,Female,IT Director,Technology leader driving innovation,"Abu Dhabi, UAE",https://www.linkedin.com/in/john-raza-948,https://example.com/profiles/john_raza_948.jpg,2025-10-08,No,No,SN000949,Enterprise Solutions,Digital Transformation,Principal,
P00950,Omar,Garcia,Male,Chief Technology Officer,Full-stack developer building scalable applications,"Lahore, Pakistan",https://www.linkedin.com/in/omar-garcia-949,https://example.com/profiles/omar_garcia_949.jpg,2025-08-09,No,No,SN000950,Ernst & Young,Software Development,Director,"BS Software Engineering, NUST"
P00951,David,Al-Saud,Male,Business Analyst,DevOps engineer automating infrastructure,"Islamabad, Pakistan",https://www.linkedin.com/in/david-al-saud-950,https://example.com/profiles/david_al-saud_950.jpg,2025-05-28,No,Yes,SN000951,Digital Ventures,Banking,C-Level,"MS Information Technology, MIT"
P00952,Sara,Smith,Male,IT Consultant,Cybersecurity expert protecting digital assets,"Dammam, Saudi Arabia",https://www.linkedin.com/in/sara-smith-951,https://example.com/profiles/sara_smith_951.jpg,2025-10-11,No,Yes,SN000952,Oracle Saudi Arabia,Software Development,Principal,
P00953,Amina,Shah,Female,Product Manager,Technology leader driving innovation,"Lahore, Pakistan",https://www.linkedin.com/in/amina-shah-952,https://example.com/profiles/amina_shah_952.jpg,2025-06-01,No,No,SN000953,PwC,IT Services,VP,"MS Information Technology, MIT"
P00954,Michael,Ahmed,Female,Senior Software Engineer,IT director managing technology teams,"Lahore, Pakistan",https://www.linkedin.com/in/michael-ahmed-953,https://example.com/profiles/michael_ahmed_953.jpg,2025-08-19,No,No,SN000954,KPMG,Data Analytics,VP,"BS Computer Science, King Saud University"
P00955,Maryam,Al-Ghamdi,Female,Data Scientist,ERP implementation specialist,"Islamabad, Pakistan",https://www.linkedin.com/in/maryam-al-ghamdi-954,https://example.com/profiles/maryam_al-ghamdi_954.jpg,2025-07-01,No,No,SN000955,NCB Bank,E-commerce,VP,"MBA, INSEAD"
P00956,John,Butt,Unspecified,Security Specialist,Software engineer with expertise in enterprise applications,"Mecca, Saudi Arabia",https://www.linkedin.com/in/john-butt-955,https://example.com/profiles/john_butt_955.jpg,2025-09-07,No,No,SN000956,Saudi Telecom Company,Software Development,Principal,"BS Software Engineering, NUST"
P00957,Omar,Al-Ghamdi,Male,Network Engineer,Cybersecurity expert protecting digital assets,"Islamabad, Pakistan",https://www.linkedin.com/in/omar-al-ghamdi-956,https://example.com/profiles/omar_al-ghamdi_956.jpg,2025-07-17,No,No,SN000957,Deloitte,Software Development,Principal,"BS Software Engineering, NUST"
P00958,Saeed,Al-Mutairi,Unspecified,Product Manager,Experienced IT professional specializing in cloud solutions,"Dubai, UAE",https://www.linkedin.com/in/saeed-al-mutairi-957,https://example.com/profiles/saeed_al-mutairi_957.jpg,2025-07-16,No,No,SN000958,STC Solutions,Healthcare IT,Principal,"BS Software Engineering, NUST"
P00959,Amina,Miller,Male,Cloud Architect,IT consultant helping businesses digital transformation,"Khobar, Saudi Arabia",https://www.linkedin.com/in/amina-miller-958,https://example.com/profiles/amina_miller_958.jpg,2025-10-06,No,No,SN000959,Deloitte,Oil & Energy,Principal,"MS Information Technology, MIT"
P00960,Robert,Raza,Female,Engineering Manager,Full-stack developer building scalable applications,"Abu Dhabi, UAE",https://www.linkedin.com/in/robert-raza-959,https://example.com/profiles/robert_raza_959.jpg,2025-06-21,Yes,No,SN000960,IBM Saudi Arabia,Banking,Lead,"BS Software Engineering, NUST"
P00961,Jessica,Al-Rashid,Male,Systems Administrator,DevOps engineer automating infrastructure,"Dubai, UAE",https://www.linkedin.com/in/jessica-al-rashid-960,https://example.com/profiles/jessica_al-rashid_960.jpg,2025-07-20,No,No,SN000961,Accenture,ERP Solutions,C-Level,"BS Software Engineering, NUST"
P00962,Sarah,Hussain,Female,Senior Software Engineer,Technology leader driving innovation,"Medina, Saudi Arabia",https://www.linkedin.com/in/sarah-hussain-961,https://example.com/profiles/sarah_hussain_961.jpg,2025-06-07,No,No,SN000962,Digital Ventures,Telecommunications,Lead,
P00963,Omar,Malik,Female,IT Director,Full-stack developer building scalable applications,"Abu Dhabi, UAE",https://www.linkedin.com/in/omar-malik-962,https://example.com/profiles/omar_malik_962.jpg,2025-09-27,Yes,Yes,SN000963,Digital Ventures,Manufacturing,Principal,"MBA, INSEAD"
P00964,Lisa,Ali,Male,Network Engineer,ERP implementation specialist,"Karachi, Pakistan",https://www.linkedin.com/in/lisa-ali-963,https://example.com/profiles/lisa_ali_963.jpg,2025-06-03,No,No,SN000964,IBM Saudi Arabia,Oil & Energy,Principal,"BS Software Engineering, NUST"
P00965,Barbara,Al-Ghamdi,Male,Technical Lead,Cybersecurity expert protecting digital assets,"Karachi, Pakistan",https://www.linkedin.com/in/barbara-al-ghamdi-964,https://example.com/profiles/barbara_al-ghamdi_964.jpg,2025-06-06,No,No,SN000965,STC Solutions,Cybersecurity,Mid,
P00966,Khadija,Raza,Female,DevOps Engineer,ERP implementation specialist,"Karachi, Pakistan",https://www.linkedin.com/in/khadija-raza-965,https://example.com/profiles/khadija_raza_965.jpg,2025-10-12,No,Yes,SN000966,Ernst & Young,Banking,Mid,
P00967,Jennifer,Butt,Male,Senior Software Engineer,Full-stack developer building scalable applications,"Abu Dhabi, UAE",https://www.linkedin.com/in/jennifer-butt-966,https://example.com/profiles/jennifer_butt_966.jpg,2025-09-15,No,No,SN000967,IT Innovations,Software Development,C-Level,"BS Software Engineering, NUST"
P00968,Michael,Al-Rashid,Male,Product Manager,Experienced IT professional specializing in cloud solutions,"Medina, Saudi Arabia",https://www.linkedin.com/in/michael-al-rashid-967,https://example.com/profiles/michael_al-rashid_967.jpg,2025-08-18,No,No,SN000968,TechCorp Solutions,Cybersecurity,C-Level,
P00969,Joseph,Al-Rashid,Male,Network Engineer,Cybersecurity expert protecting digital assets,"Islamabad, Pakistan",https://www.linkedin.com/in/joseph-al-rashid-968,https://example.com/profiles/joseph_al-rashid_968.jpg,2025-11-02,Yes,No,SN000969,Aramco,Healthcare IT,Mid,
P00970,Khalid,Martinez,Female,Project Manager,IT consultant helping businesses digital transformation,"Dubai, UAE",https://www.linkedin.com/in/khalid-martinez-969,https://example.com/profiles/khalid_martinez_969.jpg,2025-05-17,Yes,No,SN000970,TechCorp Solutions,Telecommunications,Mid,"MS Information Technology, MIT"
P00971,David,Smith,Male,Software Developer,IT consultant helping businesses digital transformation,"Jeddah, Saudi Arabia",https://www.linkedin.com/in/david-smith-970,https://example.com/profiles/david_smith_970.jpg,2025-06-11,No,Yes,SN000971,Data Analytics Pro,Healthcare IT,Senior,"MS Data Science, Stanford"
P00972,Hafsa,Iqbal,Male,Solutions Architect,Cybersecurity expert protecting digital assets,"Lahore, Pakistan",https://www.linkedin.com/in/hafsa-iqbal-971,https://example.com/profiles/hafsa_iqbal_971.jpg,2025-05-14,No,Yes,SN000972,Accenture,Oil & Energy,VP,"MBA, INSEAD"
P00973,Muhammad,Davis,Unspecified,Network Engineer,Software engineer with expertise in enterprise applications,"Karachi, Pakistan",https://www.linkedin.com/in/muhammad-davis-972,https://example.com/profiles/muhammad_davis_972.jpg,2025-10-10,No,No,SN000973,Al Rajhi Bank,Cloud Computing,Director,
P00974,Amina,Al-Mutairi,Male,Network Engineer,IT director managing technology teams,"Medina, Saudi Arabia",https://www.linkedin.com/in/amina-al-mutairi-973,https://example.com/profiles/amina_al-mutairi_973.jpg,2025-05-29,No,Yes,SN000974,KPMG,Banking,Principal,"BS Software Engineering, NUST"
P00975,Jessica,Malik,Unspecified,Cloud Architect,Data scientist passionate about analytics,"Lahore, Pakistan",https://www.linkedin.com/in/jessica-malik-974,https://example.com/profiles/jessica_malik_974.jpg,2025-07-06,No,No,SN000975,PwC,Fintech,Mid,
P00976,Sarah,Al-Mutairi,Male,Security Specialist,Software engineer with expertise in enterprise applications,"Lahore, Pakistan",https://www.linkedin.com/in/sarah-al-mutairi-975,https://example.com/profiles/sarah_al-mutairi_975.jpg,2025-10-11,No,No,SN000976,Microsoft Saudi Arabia,Cloud Computing,C-Level,
P00977,Maryam,Al-Rashid,Female,Systems Administrator,Data scientist passionate about analytics,"Riyadh, Saudi Arabia",https://www.linkedin.com/in/maryam-al-rashid-976,https://example.com/profiles/maryam_al-rashid_976.jpg,2025-10-08,No,No,SN000977,Cloud Systems,E-commerce,Lead,
P00978,Usman,Butt,Female,Business Analyst,Experienced IT professional specializing in cloud solutions,"Jeddah, Saudi Arabia",https://www.linkedin.com/in/usman-butt-977,https://example.com/profiles/usman_butt_977.jpg,2025-06-23,No,No,SN000978,Enterprise Solutions,Cybersecurity,Mid,"MS Data Science, Stanford"
P00979,Michelle,Al-Zahrani,Male,IT Director,Full-stack developer building scalable applications,"Medina, Saudi Arabia",https://www.linkedin.com/in/michelle-al-zahrani-978,https://example.com/profiles/michelle_al-zahrani_978.jpg,2025-10-15,No,No,SN000979,Oracle Saudi Arabia,Cybersecurity,C-Level,"MBA, INSEAD"
P00980,Usman,Miller,Unspecified,IT Director,Data scientist passionate about analytics,"Khobar, Saudi Arabia",https://www.linkedin.com/in/usman-miller-979,https://example.com/profiles/usman_miller_979.jpg,2025-08-28,No,No,SN000980,STC Solutions,Data Analytics,Director,
P00981,Jessica,Sheikh,Unspecified,Product Manager,Cybersecurity expert protecting digital assets,"Islamabad, Pakistan",https://www.linkedin.com/in/jessica-sheikh-980,https://example.com/profiles/jessica_sheikh_980.jpg,2025-07-06,No,No,SN000981,Data Analytics Pro,Cloud Computing,Director,
P00982,Amina,Malik,Female,DevOps Engineer,Full-stack developer building scalable applications,"Riyadh, Saudi Arabia",https://www.linkedin.com/in/amina-malik-981,https://example.com/profiles/amina_malik_981.jpg,2025-05-21,Yes,Yes,SN000982,IBM Saudi Arabia,Manufacturing,Principal,
P00983,Patricia,Raza,Female,Technical Lead,DevOps engineer automating infrastructure,"Khobar, Saudi Arabia",https://www.linkedin.com/in/patricia-raza-982,https://example.com/profiles/patricia_raza_982.jpg,2025-09-15,No,No,SN000983,IBM Saudi Arabia,ERP Solutions,Mid,"MS Information Technology, MIT"
P00984,Patricia,Davis,Unspecified,Solutions Architect,Software engineer with expertise in enterprise applications,"Riyadh, Saudi Arabia",https://www.linkedin.com/in/patricia-davis-983,https://example.com/profiles/patricia_davis_983.jpg,2025-07-23,No,No,SN000984,Oracle Saudi Arabia,ERP Solutions,Lead,
P00985,Zainab,Al-Rashid,Female,Chief Information Officer,Software engineer with expertise in enterprise applications,"Karachi, Pakistan",https://www.linkedin.com/in/zainab-al-rashid-984,https://example.com/profiles/zainab_al-rashid_984.jpg,2025-10-31,No,No,SN000985,Data Analytics Pro,Banking,Entry,"MS Information Technology, MIT"
P00986,Aisha,Martinez,Unspecified,IT Consultant,IT director managing technology teams,"Mecca, Saudi Arabia",https://www.linkedin.com/in/aisha-martinez-985,https://example.com/profiles/aisha_martinez_985.jpg,2025-06-02,No,Yes,SN000986,STC Solutions,Cybersecurity,Mid,
P00987,Sarah,Butt,Male,Security Specialist,Technology leader driving innovation,"Abu Dhabi, UAE",https://www.linkedin.com/in/sarah-butt-986,https://example.com/profiles/sarah_butt_986.jpg,2025-07-21,No,No,SN000987,Al Rajhi Bank,Data Analytics,Lead,
P00988,Jessica,Brown,Female,Network Engineer,ERP implementation specialist,"Mecca, Saudi Arabia",https://www.linkedin.com/in/jessica-brown-987,https://example.com/profiles/jessica_brown_987.jpg,2025-09-16,No,Yes,SN000988,Al Rajhi Bank,IT Services,Mid,"BS Computer Science, King Saud University"
P00989,Thomas,Al-Harbi,Male,Systems Administrator,IT director managing technology teams,"Riyadh, Saudi Arabia",https://www.linkedin.com/in/thomas-al-harbi-988,https://example.com/profiles/thomas_al-harbi_988.jpg,2025-05-17,No,No,SN000989,Deloitte,Digital Transformation,Lead,"BS Software Engineering, NUST"
P00990,Ibrahim,Sheikh,Male,Data Scientist,IT director managing technology teams,"Medina, Saudi Arabia",https://www.linkedin.com/in/ibrahim-sheikh-989,https://example.com/profiles/ibrahim_sheikh_989.jpg,2025-10-05,No,No,SN000990,Enterprise Solutions,Banking,Entry,"MBA, INSEAD"
P00991,Charles,Hassan,Female,Systems Administrator,Technology leader driving innovation,"Dammam, Saudi Arabia",https://www.linkedin.com/in/charles-hassan-990,https://example.com/profiles/charles_hassan_990.jpg,2025-10-10,No,No,SN000991,Saudi Telecom Company,Cybersecurity,Principal,
P00992,Hassan,Iqbal,Unspecified,Database Administrator,Data scientist passionate about analytics,"Mecca, Saudi Arabia",https://www.linkedin.com/in/hassan-iqbal-991,https://example.com/profiles/hassan_iqbal_991.jpg,2025-05-09,No,No,SN000992,Data Analytics Pro,Fintech,C-Level,
P00993,Sara,Al-Rashid,Male,Chief Technology Officer,IT consultant helping businesses digital transformation,"Dubai, UAE",https://www.linkedin.com/in/sara-al-rashid-992,https://example.com/profiles/sara_al-rashid_992.jpg,2025-09-10,Yes,No,SN000993,Aramco,Banking,Lead,"MS Information Technology, MIT"
P00994,Charles,Butt,Female,Database Administrator,IT consultant helping businesses digital transformation,"Medina, Saudi Arabia",https://www.linkedin.com/in/charles-butt-993,https://example.com/profiles/charles_butt_993.jpg,2025-05-24,No,No,SN000994,Ernst & Young,Manufacturing,VP,
P00995,Omar,Al-Mutairi,Female,Solutions Architect,ERP implementation specialist,"Jeddah, Saudi Arabia",https://www.linkedin.com/in/omar-al-mutairi-994,https://example.com/profiles/omar_al-mutairi_994.jpg,2025-05-25,No,Yes,SN000995,Saudi Telecom Company,Oil & Energy,Entry,"MS Information Technology, MIT"
P00996,Jennifer,Davis,Male,Data Scientist,IT consultant helping businesses digital transformation,"Riyadh, Saudi Arabia",https://www.linkedin.com/in/jennifer-davis-995,https://example.com/profiles/jennifer_davis_995.jpg,2025-08-28,No,No,SN000996,Aramco,Oil & Energy,Senior,"BS Computer Science, King Saud University"
P00997,Khalid,Al-Mutairi,Male,Systems Administrator,IT consultant helping businesses digital transformation,"Khobar, Saudi Arabia",https://www.linkedin.com/in/khalid-al-mutairi-996,https://example.com/profiles/khalid_al-mutairi_996.jpg,2025-08-31,No,No,SN000997,TechCorp Solutions,Data Analytics,C-Level,"MS Data Science, Stanford"
P00998,Patricia,Al-Saud,Male,Database Administrator,ERP implementation specialist,"Khobar, Saudi Arabia",https://www.linkedin.com/in/patricia-al-saud-997,https://example.com/profiles/patricia_al-saud_997.jpg,2025-09-01,No,No,SN000998,Cloud Systems,Telecommunications,Principal,"MS Data Science, Stanford"
P00999,Michael,Malik,Male,Network Engineer,ERP implementation specialist,"Karachi, Pakistan",https://www.linkedin.com/in/michael-malik-998,https://example.com/profiles/michael_malik_998.jpg,2025-06-04,No,No,SN000999,TechCorp Solutions,Retail,Senior,
P01000,Usman,Raza,Female,Product Manager,Data scientist passionate about analytics,"Islamabad, Pakistan",https://www.linkedin.com/in/usman-raza-999,https://example.com/profiles/usman_raza_999.jpg,2025-10-24,Yes,No,SN001000,Modern Tech,E-commerce,Principal,"MS Data Science, Stanford"
